{"gradients/attention.attention_weights.bias":{"values":[1],"bins":[-5.2532413974404335e-09,-5.2532413974404335e-09],"_type":"histogram"},"_timestamp":1.7643088183485386e+09,"best/test_f1":0.541799008846283,"test/acc":63.95348837209303,"lr":9.976003213255121e-09,"gradients/attention.attention_U.0.bias":{"values":[1,0,0,1,0,0,2,0,0,0,0,0,0,1,0,0,2,0,0,2,2,1,0,0,2,2,0,3,7,2,4,2,8,8,6,8,10,13,13,16,16,10,17,20,29,35,33,16,18,18,15,10,5,4,9,2,1,2,1,3,0,1,1,2],"bins":[-2.1978230506647378e-05,-2.1504467440536246e-05,-2.103070255543571e-05,-2.0556939489324577e-05,-2.0083176423213445e-05,-1.960941153811291e-05,-1.9135648472001776e-05,-1.866188358690124e-05,-1.8188120520790108e-05,-1.7714357454678975e-05,-1.724059256957844e-05,-1.6766829503467306e-05,-1.6293066437356174e-05,-1.5819301552255638e-05,-1.5345538486144505e-05,-1.4871774510538671e-05,-1.4398010534932837e-05,-1.3924247468821704e-05,-1.345048349321587e-05,-1.2976719517610036e-05,-1.2502956451498903e-05,-1.2029192475893069e-05,-1.1555428500287235e-05,-1.10816645246814e-05,-1.0607901458570268e-05,-1.0134137482964434e-05,-9.6603735073586e-06,-9.186610441247467e-06,-8.712846465641633e-06,-8.239082490035798e-06,-7.765318514429964e-06,-7.291554993571481e-06,-6.817791472712997e-06,-6.344027951854514e-06,-5.87026397624868e-06,-5.396500455390196e-06,-4.922736479784362e-06,-4.448972958925879e-06,-3.975208983320044e-06,-3.501445462461561e-06,-3.027681714229402e-06,-2.5539179659972433e-06,-2.0801542177650845e-06,-1.6063905832197634e-06,-1.1326268349876045e-06,-6.588630867554457e-07,-1.8509939536670572e-07,2.886643244437437e-07,7.624280442541931e-07,1.236191792486352e-06,1.7099555407185107e-06,2.1837192889506696e-06,2.6574830371828284e-06,3.131246558041312e-06,3.6050103062734706e-06,4.0787740545056295e-06,4.552537575364113e-06,5.026301550969947e-06,5.5000650718284305e-06,5.973829047434265e-06,6.447592568292748e-06,6.9213565438985825e-06,7.395120064757066e-06,7.86888358561555e-06,8.342647561221384e-06],"_type":"histogram"},"test/f1":0.541799008846283,"_runtime":374,"test/loss":0.7112811198566369,"best/test_auc":0.847663402557373,"best/val_auc":0.8802520036697388,"test/auc":0.8482075929641724,"best/test_acc":63.95348837209303,"_wandb":{"runtime":374},"best/val_acc":74.19354838709677,"gradients/classifier.fc.bias":{"values":[1,0,0,0,0,0,0,0,0,0,0,0,0,0,0,0,0,0,0,0,0,0,0,0,0,0,0,0,0,0,0,0,0,0,1,0,0,0,0,0,0,0,0,0,0,0,0,0,0,0,0,0,0,0,0,0,0,0,0,0,0,0,0,1],"bins":[-0.01498723030090332,-0.014529532752931118,-0.01407183613628149,-0.013614138588309288,-0.013156441040337086,-0.012698743492364883,-0.012241046875715256,-0.011783349327743053,-0.011325651779770851,-0.010867955163121223,-0.010410257615149021,-0.009952560067176819,-0.009494862519204617,-0.009037165902554989,-0.008579468354582787,-0.008121770806610584,-0.007664073724299669,-0.007206376641988754,-0.006748679094016552,-0.006290982011705637,-0.005833284463733435,-0.00537558738142252,-0.004917889833450317,-0.004460192751139402,-0.004002495668828487,-0.003544798120856285,-0.0030871008057147264,-0.002629403490573168,-0.002171706408262253,-0.0017140089767053723,-0.0012563117779791355,-0.0007986144628375769,-0.0003409171476960182,0.00011678013834170997,0.0005744774243794382,0.001032174681313336,0.0014898719964548945,0.0019475693115964532,0.00240526651032269,0.0028629638254642487,0.0033206611406058073,0.003778358455747366,0.004236055538058281,0.004693753086030483,0.005151450168341398,0.0056091477163136005,0.0060668447986245155,0.006524542346596718,0.006982239428907633,0.007439936511218548,0.00789763405919075,0.008355331607162952,0.00881302822381258,0.009270725771784782,0.009728423319756985,0.010186120867729187,0.010643817484378815,0.011101515032351017,0.01155921258032322,0.012016909196972847,0.01247460674494505,0.012932304292917252,0.013390001840889454,0.013847698457539082,0.014305396005511284],"_type":"histogram"},"_step":49,"val/auc":0.8815968036651611,"val/f1":0.5838063359260559,"best/val_f1":0.5932387113571167,"best/epoch":38,"gradients/attention.attention_V.0.bias":{"bins":[-7.392246334347874e-05,-7.151936733862385e-05,-6.911627133376896e-05,-6.671317532891408e-05,-6.431007932405919e-05,-6.190699059516191e-05,-5.950389459030703e-05,-5.710079858545214e-05,-5.469770258059725e-05,-5.2294606575742364e-05,-4.9891510570887476e-05,-4.7488418204011396e-05,-4.508532219915651e-05,-4.268222619430162e-05,-4.027913382742554e-05,-3.787603782257065e-05,-3.5472941817715764e-05,-3.3069845812860876e-05,-3.066674980800599e-05,-2.8263657441129908e-05,-2.586056143627502e-05,-2.3457465431420133e-05,-2.105437124555465e-05,-1.8651277059689164e-05,-1.6248181054834276e-05,-1.384508595947409e-05,-1.1441990864113905e-05,-9.038895768753719e-06,-6.635800673393533e-06,-4.232705578033347e-06,-1.8296104826731607e-06,5.734846126870252e-07,2.976579708047211e-06,5.379674803407397e-06,7.782769898767583e-06,1.0185864994127769e-05,1.2588960089487955e-05,1.4992055184848141e-05,1.7395150280208327e-05,1.979824446607381e-05,2.22013404709287e-05,2.4604436475783587e-05,2.700753066164907e-05,2.9410624847514555e-05,3.181372085236944e-05,3.421681685722433e-05,3.661990922410041e-05,3.90230052289553e-05,4.1426101233810186e-05,4.3829197238665074e-05,4.623229324351996e-05,4.863538561039604e-05,5.103848161525093e-05,5.344157762010582e-05,5.58446699869819e-05,5.8247765991836786e-05,6.0650861996691674e-05,6.305395800154656e-05,6.545705400640145e-05,6.786015001125634e-05,7.026323874015361e-05,7.26663347450085e-05,7.506943074986339e-05,7.747252675471827e-05,7.987562275957316e-05],"_type":"histogram","values":[1,0,1,1,0,0,1,0,0,1,2,1,0,0,1,1,1,6,6,7,10,6,11,8,11,8,13,17,22,32,31,37,35,26,13,9,8,10,9,4,8,6,1,5,4,1,1,0,2,0,0,1,1,1,0,0,0,1,0,1,0,0,0,1]},"gradients/attention.attention_weights.weight":{"values":[1,1,0,3,0,1,0,2,2,1,3,3,1,9,2,5,4,4,16,10,9,10,10,13,13,14,10,12,12,6,14,12,12,10,7,6,8,9,7,11,8,14,12,11,9,6,7,10,4,3,2,6,5,2,0,7,1,0,0,0,0,2,1,1],"bins":[-0.0012869049096480012,-0.001245952327735722,-0.001204999745823443,-0.0011640472803264856,-0.0011230946984142065,-0.0010821421165019274,-0.0010411895345896482,-0.0010002369526773691,-0.0009592844289727509,-0.0009183318470604718,-0.0008773793233558536,-0.0008364267414435744,-0.0007954741595312953,-0.0007545216358266771,-0.000713569053914398,-0.0006726165302097797,-0.0006316639482975006,-0.0005907113663852215,-0.0005497588426806033,-0.0005088062607683241,-0.00046785370795987546,-0.0004269011551514268,-0.00038594857323914766,-0.000344996020430699,-0.0003040434676222503,-0.00026309091481380165,-0.00022213834745343775,-0.00018118578009307384,-0.00014023322728462517,-9.928066720021889e-05,-5.83281071158126e-05,-1.7375547031406313e-05,2.3576896637678146e-05,6.452945672208443e-05,0.00010548201680649072,0.00014643458416685462,0.0001873871369753033,0.00022833968978375196,0.0002692922716960311,0.00031024482450447977,0.00035119737731292844,0.0003921499301213771,0.0004331024829298258,0.0004740550648421049,0.000515007646754384,0.0005559601704590023,0.0005969127523712814,0.0006378652760758996,0.0006788178579881787,0.0007197704399004579,0.0007607229636050761,0.0008016755455173552,0.0008426280692219734,0.0008835806511342525,0.0009245332330465317,0.0009654857567511499,0.00100643839687109,0.0010473908623680472,0.0010883434442803264,0.0011292960261926055,0.0011702486081048846,0.0012112011900171638,0.001252153655514121,0.0012931062374264002,0.0013340588193386793],"_type":"histogram"},"gradients/attention.attention_U.0.weight":{"values":[1,1,1,1,1,0,4,0,1,5,2,0,8,10,9,7,11,13,26,19,22,39,46,44,40,72,96,128,145,179,202,283,353,428,573,707,851,1069,1480,2081,3072,5400,21073,5514,2221,1145,669,375,232,166,104,71,53,37,19,17,9,3,3,3,2,2,2,2],