{"val/f1":0.513472318649292,"gradients/classifier.fc.bias":{"values":[1,0,0,0,0,0,0,0,0,0,0,0,0,0,0,0,0,0,0,0,0,0,0,0,0,0,0,0,0,0,0,0,0,0,0,0,0,0,1,0,0,0,0,0,0,0,0,0,0,0,0,0,0,0,0,0,0,0,0,0,0,0,0,1],"bins":[-0.19391590356826782,-0.18823595345020294,-0.18255600333213806,-0.17687605321407318,-0.1711961030960083,-0.16551615297794342,-0.15983620285987854,-0.15415625274181366,-0.14847630262374878,-0.1427963376045227,-0.13711638748645782,-0.13143643736839294,-0.12575648725032806,-0.12007653713226318,-0.1143965870141983,-0.10871663689613342,-0.10303668677806854,-0.09735673666000366,-0.09167678654193878,-0.0859968364238739,-0.08031688630580902,-0.07463692873716354,-0.06895697861909866,-0.06327702850103378,-0.0575970783829689,-0.05191712826490402,-0.04623717814683914,-0.04055722430348396,-0.03487727418541908,-0.029197324067354202,-0.023517372086644173,-0.017837420105934143,-0.012157455086708069,-0.006477504037320614,-0.0007975529879331589,0.004882398061454296,0.010562349110841751,0.01624229922890663,0.02192225120961666,0.02760220319032669,0.03328215330839157,0.03896210342645645,0.04464205354452133,0.05032200738787651,0.05600195750594139,0.06168190762400627,0.06736186146736145,0.07304181158542633,0.07872176170349121,0.08440171182155609,0.09008166193962097,0.09576161205768585,0.10144156217575073,0.10712151974439621,0.11280146986246109,0.11848141998052597,0.12416137009859085,0.12984132766723633,0.1355212777853012,0.1412012279033661,0.14688117802143097,0.15256112813949585,0.15824107825756073,0.1639210283756256,0.1696009784936905],"_type":"histogram"},"gradients/classifier.fc.weight":{"bins":[-0.6906691789627075,-0.6704389452934265,-0.6502086520195007,-0.6299784183502197,-0.6097481846809387,-0.5895179510116577,-0.5692876577377319,-0.5490574240684509,-0.5288271903991699,-0.5085968971252441,-0.48836666345596313,-0.46813642978668213,-0.44790616631507874,-0.42767593264579773,-0.40744566917419434,-0.38721543550491333,-0.36698517203330994,-0.34675490856170654,-0.32652467489242554,-0.30629441142082214,-0.28606417775154114,-0.26583391427993774,-0.24560366570949554,-0.22537341713905334,-0.20514316856861115,-0.18491291999816895,-0.16468267142772675,-0.14445242285728455,-0.12422216683626175,-0.10399191826581955,-0.08376166224479675,-0.06353141367435455,-0.043301165103912354,-0.023070914670825005,-0.0028406642377376556,0.017389586195349693,0.03761983662843704,0.05785008519887924,0.07808034121990204,0.09831058979034424,0.11854083836078644,0.13877108693122864,0.15900133550167084,0.17923158407211304,0.19946184754371643,0.21969209611415863,0.23992234468460083,0.26015257835388184,0.28038284182548523,0.3006131052970886,0.32084333896636963,0.341073602437973,0.36130383610725403,0.3815340995788574,0.4017643332481384,0.4219945967197418,0.4422248601913452,0.4624550938606262,0.4826853573322296,0.502915620803833,0.523145854473114,0.543376088142395,0.563606321811676,0.5838366150856018,0.6040668487548828],"_type":"histogram","values":[1,0,2,0,0,0,2,1,0,1,0,0,2,1,2,6,2,0,6,2,3,6,2,4,3,10,7,7,5,13,3,7,6,13,95,48,26,12,13,6,9,11,4,5,1,7,4,3,3,2,6,2,2,1,0,1,0,1,2,0,0,1,1,1]},"best/val_acc":66.12903225806451,"lr":9.976003213255121e-09,"_wandb":{"runtime":341},"gradients/dimreduction.fc1.weight":{"bins":[-0.2838190495967865,-0.27481183409690857,-0.26580458879470825,-0.2567973732948303,-0.2477901577949524,-0.23878292739391327,-0.22977569699287415,-0.22076848149299622,-0.2117612510919571,-0.20275402069091797,-0.19374680519104004,-0.18473957479000092,-0.1757323443889618,-0.16672512888908386,-0.15771789848804474,-0.1487106829881668,-0.13970345258712769,-0.13069622218608856,-0.12168900668621063,-0.11268177628517151,-0.10367455333471298,-0.09466733038425446,-0.08566009998321533,-0.0766528770327568,-0.06764565408229828,-0.05863843113183975,-0.04963120445609093,-0.0406239777803421,-0.031616754829883575,-0.0226095300167799,-0.013602305203676224,-0.004595080390572548,0.004412144422531128,0.013419369235634804,0.02242659404873848,0.031433820724487305,0.04044104367494583,0.04944826662540436,0.05845549330115318,0.06746271997690201,0.07646994292736053,0.08547716587781906,0.09448438882827759,0.10349161922931671,0.11249884217977524,0.12150606513023376,0.1305132955312729,0.13952051103115082,0.14852774143218994,0.15753497183322906,0.166542187333107,0.17554941773414612,0.18455663323402405,0.19356386363506317,0.2025710940361023,0.21157830953598022,0.22058553993701935,0.22959277033805847,0.2385999858379364,0.24760721623897552,0.25661444664001465,0.2656216621398926,0.2746288776397705,0.2836361229419708,0.29264333844184875],"_type":"histogram","values":[1,1,1,1,2,2,1,0,2,3,3,2,6,6,7,8,13,18,16,28,39,72,92,148,202,344,487,770,1411,2705,6222,23807,6205,2751,1429,831,525,318,220,126,101,63,43,28,21,18,12,6,7,5,3,3,3,3,1,0,2,1,2,2,1,1,0,1]},"test/f1":0.4230254590511322,"best/test_auc":0.7143577337265015,"test/loss":0.9497573570846471,"best/test_acc":56.97674418604651,"best/val_auc":0.7438482046127319,"best/test_f1":0.44021743535995483,"_timestamp":1.7644546208663282e+09,"val/auc":0.7535576820373535,"_step":49,"best/epoch":22,"val/acc":64.51612903225806,"train/loss":0.6397899756433112,"val/loss":0.8890656858922974,"test/auc":0.7159484624862671,"_runtime":341,"best/val_f1":0.5263038277626038,"test/acc":54.651162790697676,"epoch":49}