{"gradients/attention.attention_U.0.weight":{"_type":"histogram","values":[3,2,3,2,5,6,7,11,7,12,18,9,19,22,40,35,37,43,53,55,72,101,118,153,168,190,293,436,744,1991,42901,662,281,192,122,90,67,39,29,21,20,18,15,17,3,3,3,3,0,2,2,1,1,0,1,0,1,1,0,0,1,0,0,1],"bins":[-2.1206547899055295e-05,-2.050745206361171e-05,-1.980835440917872e-05,-1.9109258573735133e-05,-1.8410160919302143e-05,-1.7711065083858557e-05,-1.7011967429425567e-05,-1.631287159398198e-05,-1.561377393954899e-05,-1.4914678104105406e-05,-1.4215581359167118e-05,-1.351648461422883e-05,-1.2817387869290542e-05,-1.2118291124352254e-05,-1.1419194379413966e-05,-1.0720097634475678e-05,-1.002100088953739e-05,-9.321904144599102e-06,-8.622807399660815e-06,-7.923710654722527e-06,-7.224613909784239e-06,-6.525517619593302e-06,-5.826420874655014e-06,-5.127324129716726e-06,-4.428227384778438e-06,-3.7291306398401503e-06,-3.0300338949018624e-06,-2.33093737733725e-06,-1.631840632398962e-06,-9.32743944304093e-07,-2.33647256209224e-07,4.65449431885645e-07,1.164546119980514e-06,1.863642864918802e-06,2.56273960985709e-06,3.2618361274217023e-06,3.960933099733666e-06,4.660029389924603e-06,5.3591261348628905e-06,6.058222879801178e-06,6.757319624739466e-06,7.456416369677754e-06,8.155512659868691e-06,8.854609404806979e-06,9.553706149745267e-06,1.0252802894683555e-05,1.0951899639621843e-05,1.165099638456013e-05,1.2350093129498418e-05,1.3049189874436706e-05,1.3748286619374994e-05,1.4447383364313282e-05,1.514648010925157e-05,1.5845576854189858e-05,1.6544672689633444e-05,1.7243770344066434e-05,1.794286617951002e-05,1.864196383394301e-05,1.9341059669386595e-05,2.0040157323819585e-05,2.073925315926317e-05,2.143835081369616e-05,2.2137446649139747e-05,2.2836544303572737e-05,2.3535640139016323e-05]},"_step":49,"val/loss":1.1461237932744552,"lr":1e-10,"best/test_auc":0.9017266631126404,"best/test_acc":83.5,"train/loss":8.14464912089918e-05,"test/f1":0.7050468921661377,"test/auc":0.9059455394744873,"gradients/attention.attention_weights.weight":{"values":[2,0,1,1,2,1,0,4,6,7,6,4,8,10,10,11,14,19,21,25,21,18,30,43,55,64,89,101,312,129,108,80,47,46,50,46,30,28,19,15,8,5,9,5,4,4,2,2,1,3,4,1,0,0,1,2,0,0,0,1,0,0,0,1],"bins":[-6.288594158831984e-05,-6.0700447647832334e-05,-5.851495006936602e-05,-5.632945612887852e-05,-5.414395855041221e-05,-5.1958464609924704e-05,-4.977296703145839e-05,-4.758747309097089e-05,-4.540197551250458e-05,-4.3216481572017074e-05,-4.103098763152957e-05,-3.884549005306326e-05,-3.6659996112575755e-05,-3.4474498534109443e-05,-3.228900459362194e-05,-3.0103508834145032e-05,-2.7918013074668124e-05,-2.5732517315191217e-05,-2.354702155571431e-05,-2.13615257962374e-05,-1.9176030036760494e-05,-1.699053609627299e-05,-1.4805040336796083e-05,-1.2619544577319175e-05,-1.0434048817842267e-05,-8.24855305836536e-06,-6.063057753635803e-06,-3.8775624489062466e-06,-1.692066689429339e-06,4.934288426738931e-07,2.678924374777125e-06,4.864419679506682e-06,7.049915438983589e-06,9.235411198460497e-06,1.1420906957937405e-05,1.360640180791961e-05,1.579189847689122e-05,1.7977392417378724e-05,2.016288817685563e-05,2.234838393633254e-05,2.4533879695809446e-05,2.6719375455286354e-05,2.890487121476326e-05,3.109036697424017e-05,3.327586091472767e-05,3.5461358493193984e-05,3.764685243368149e-05,3.98323500121478e-05,4.20178439526353e-05,4.420333789312281e-05,4.638883547158912e-05,4.857432941207662e-05,5.075982699054293e-05,5.294532093103044e-05,5.513081850949675e-05,5.731631244998425e-05,5.9501806390471756e-05,6.168730033095926e-05,6.387280154740438e-05,6.605829548789188e-05,6.824378942837939e-05,7.042928336886689e-05,7.261478458531201e-05,7.480027852579951e-05,7.698577246628702e-05],"_type":"histogram"},"best/val_acc":90,"gradients/attention.attention_V.0.weight":{"_type":"histogram","values":[1,1,0,0,2,1,1,2,2,2,6,8,8,10,14,13,22,30,34,58,73,136,230,522,46299,883,281,138,95,62,44,29,30,17,19,16,15,9,9,5,2,4,3,2,3,2,2,1,2,1,0,0,1,1,0,0,0,0,0,0,0,0,0,1],"bins":[-3.715395359904505e-05,-3.564309736248106e-05,-3.413224112591706e-05,-3.262138125137426e-05,-3.1110525014810264e-05,-2.959966877824627e-05,-2.808881072269287e-05,-2.6577954486128874e-05,-2.5067096430575475e-05,-2.355624019401148e-05,-2.2045383957447484e-05,-2.0534525901894085e-05,-1.902366966533009e-05,-1.751281160977669e-05,-1.6001955373212695e-05,-1.4491098227153998e-05,-1.29802410810953e-05,-1.1469383935036603e-05,-9.958526788977906e-06,-8.447669642919209e-06,-6.9368129516078625e-06,-5.425955805549165e-06,-3.915099114237819e-06,-2.4042419681791216e-06,-8.933848221204244e-07,6.174722102514352e-07,2.1283292426232947e-06,3.6391861613083165e-06,5.150043307367014e-06,6.660900453425711e-06,8.171757144737057e-06,9.682614290795755e-06,1.1193471436854452e-05,1.2704328582913149e-05,1.4215185728971846e-05,1.5726041965535842e-05,1.723690002108924e-05,1.8747756257653236e-05,2.0258614313206635e-05,2.176947054977063e-05,2.328032860532403e-05,2.4791184841888025e-05,2.630204107845202e-05,2.781289913400542e-05,2.9323755370569415e-05,3.0834613426122814e-05,3.234546966268681e-05,3.3856325899250805e-05,3.536718577379361e-05,3.6878042010357603e-05,3.83888982469216e-05,3.9899754483485594e-05,4.141061072004959e-05,4.292147059459239e-05,4.443232683115639e-05,4.5943183067720383e-05,4.745403930428438e-05,4.8964895540848374e-05,5.047575541539118e-05,5.198661165195517e-05,5.349746788851917e-05,5.500832412508316e-05,5.6519183999625966e-05,5.803004023618996e-05,5.954089647275396e-05]},"best/test_f1":0.6819165349006653,"test/acc":86,"_runtime":334,"gradients/attention.attention_weights.bias":{"bins":[-9.72022462519817e-12,-9.340972439986217e-12,-8.961720254774264e-12,-8.58246806956231e-12,-8.203215884350357e-12,-7.823963699138403e-12,-7.44471151392645e-12,-7.065459328714496e-12,-6.686207143502543e-12,-6.306954958290589e-12,-5.927702773078636e-12,-5.548450587866682e-12,-5.169198402654729e-12,-4.789946217442775e-12,-4.410694032230822e-12,-4.0314418470188684e-12,-3.652189661806915e-12,-3.2729374765949615e-12,-2.893685291383008e-12,-2.5144331061710545e-12,-2.135180920959101e-12,-1.7559287357471476e-12,-1.3766765505351941e-12,-9.974243653232406e-13,-6.181721801112872e-13,-2.389199948993337e-13,1.4033219031261979e-13,5.195843755245733e-13,8.988365607365267e-13,1.2780887459484802e-12,1.6573409311604337e-12,2.036593116372387e-12,2.4158453015843406e-12,2.795097486796294e-12,3.1743496720082476e-12,3.553601857220201e-12,3.9328540424321545e-12,4.312106227644108e-12,4.6913584128560615e-12,5.070610598068015e-12,5.4498627832799684e-12,5.829114968491922e-12,6.208367153703875e-12,6.587619338915829e-12,6.966871524127782e-12,7.346123709339736e-12,7.72537589455169e-12,8.104628079763643e-12,8.483880264975596e-12,8.86313245018755e-12,9.242384635399503e-12,9.621636820611457e-12,1.000088900582341e-11,1.0380141191035364e-11,1.0759393376247317e-11,1.113864556145927e-11,1.1517897746671224e-11,1.1897149931883177e-11,1.2276402117095131e-11,1.2655654302307084e-11,1.3034906487519038e-11,1.3414158672730991e-11,1.3793410857942945e-11,1.4172663043154898e-11,1.4551915228366852e-11],"_type":"histogram","values":[1,0,0,0,0,0,0,0,0,0,0,0,0,0,0,0,0,0,0,0,0,0,0,0,0,1,0,0,0,0,0,0,0,0,0,0,1,0,0,0,0,0,0,0,0,0,0,0,0,0,0,0,0,0,0,0,0,0,0,0,0,0,0,1]},"_timestamp":1.7643126005672748e+09,"val/auc":0.9332036972045898,"gradients/classifier.fc.weight":{"values":[1,1,1,0,0,0,0,2,1,1,0,2,1,1,5,4,3,1,2,1,0,1,6,7,8,5,11,8,15,9,24,174,1632,24,9,15,8,10,6,8,7,6,1,0,1,2,1,3,4,5,1,1,2,0,1,1,2,0,0,0,0,1,1,1],