{"gradients/classifier.fc.bias":{"_type":"histogram","values":[1,0,0,0,0,0,0,0,0,0,0,0,0,0,0,0,0,0,0,0,0,0,0,0,0,0,0,0,0,0,0,0,2,0,0,0,0,0,0,0,0,0,0,0,0,0,0,0,0,0,0,0,0,0,0,0,0,0,0,0,0,0,0,1],"bins":[-0.033277034759521484,-0.032238222658634186,-0.031199412420392036,-0.030160602182149887,-0.02912179008126259,-0.02808297798037529,-0.02704416774213314,-0.02600535750389099,-0.024966545403003693,-0.023927733302116394,-0.022888923063874245,-0.021850112825632095,-0.020811300724744797,-0.019772488623857498,-0.01873367838561535,-0.0176948681473732,-0.0166560560464859,-0.015617244876921177,-0.014578433707356453,-0.013539622537791729,-0.012500811368227005,-0.011462000198662281,-0.010423189029097557,-0.009384377859532833,-0.008345566689968109,-0.007306755520403385,-0.006267944350838661,-0.005229133181273937,-0.004190322011709213,-0.0031515108421444893,-0.0021126996725797653,-0.0010738885030150414,-3.5081058740615845e-05,0.0010037301108241081,0.002042541280388832,0.003081352449953556,0.00412016361951828,0.005158974789083004,0.006197785958647728,0.007236597128212452,0.008275408297777176,0.0093142194673419,0.010353030636906624,0.011391841806471348,0.012430652976036072,0.013469464145600796,0.01450827531516552,0.015547086484730244,0.016585897654294968,0.017624709755182266,0.018663519993424416,0.019702330231666565,0.020741142332553864,0.021779954433441162,0.02281876467168331,0.02385757490992546,0.02489638701081276,0.025935199111700058,0.026974009349942207,0.028012819588184357,0.029051631689071655,0.030090443789958954,0.031129254028201103,0.03216806426644325,0.03320687636733055]},"_wandb":{"runtime":314},"train/loss":0.08095861708011451,"test/auc":0.8290328979492188,"best/val_auc":0.8195400238037109,"test/f1":0.5081629753112793,"gradients/classifier.fc.weight":{"values":[1,1,0,0,2,0,0,1,0,1,3,0,0,0,0,0,0,0,2,1,2,2,4,3,2,8,7,9,7,10,19,38,300,22,11,7,8,8,8,2,3,4,2,2,1,2,0,0,0,0,0,0,0,3,1,0,1,0,0,2,0,0,1,1],"bins":[-0.2424039989709854,-0.2348368614912033,-0.2272697240114212,-0.2197025865316391,-0.2121354341506958,-0.2045682966709137,-0.1970011591911316,-0.1894340217113495,-0.18186688423156738,-0.17429974675178528,-0.16673260927200317,-0.15916547179222107,-0.15159833431243896,-0.14403118193149567,-0.13646404445171356,-0.12889690697193146,-0.12132976949214935,-0.11376263201236725,-0.10619549453258514,-0.09862834960222244,-0.09106121212244034,-0.08349407464265823,-0.07592692971229553,-0.06835979223251343,-0.06079265475273132,-0.05322551727294922,-0.045658376067876816,-0.03809123486280441,-0.03052409738302231,-0.022956958040595055,-0.015389818698167801,-0.007822679355740547,-0.0002555251121520996,0.007311614230275154,0.014878753572702408,0.02244589291512966,0.030013032257556915,0.03758016973733902,0.04514731094241142,0.052714452147483826,0.06028158962726593,0.06784872710704803,0.07541586458683014,0.08298300951719284,0.09055014699697495,0.09811728447675705,0.10568442940711975,0.11325156688690186,0.12081870436668396,0.12838584184646606,0.13595297932624817,0.14352011680603027,0.15108725428581238,0.15865440666675568,0.16622154414653778,0.17378868162631989,0.181355819106102,0.1889229565858841,0.1964900940656662,0.2040572315454483,0.2116243839263916,0.2191915214061737,0.2267586588859558,0.23432579636573792,0.24189293384552002],"_type":"histogram"},"val/f1":0.6402255296707153,"val/acc":73.33333333333333,"best/test_f1":0.5081629753112793,"_runtime":314,"test/loss":1.2172298068334697,"val/auc":0.8195400238037109,"best/val_f1":0.6717948913574219,"lr":1e-10,"best/epoch":43,"val/loss":1.9176716249762498,"_timestamp":1.764455817652225e+09,"epoch":49,"best/test_acc":79,"_step":49,"gradients/dimreduction.fc1.weight":{"bins":[-0.03551110997796059,-0.03439726680517197,-0.03328341990709305,-0.03216957673430443,-0.031055733561515808,-0.02994188852608204,-0.02882804349064827,-0.02771420031785965,-0.02660035528242588,-0.02548651024699211,-0.02437266707420349,-0.023258822038769722,-0.022144977003335953,-0.021031133830547333,-0.019917288795113564,-0.018803445622324944,-0.017689600586891174,-0.016575755551457405,-0.015461912378668785,-0.014348067343235016,-0.013234223239123821,-0.012120379135012627,-0.011006534099578857,-0.009892689995467663,-0.008778845891356468,-0.007665001787245274,-0.006551157217472792,-0.00543731264770031,-0.004323468543589115,-0.003209624206647277,-0.0020957798697054386,-0.0009819355327636003,0.00013190507888793945,0.0012457494158297777,0.002359593752771616,0.0034734380897134542,0.0045872824266552925,0.005701126530766487,0.006814971100538969,0.007928815670311451,0.009042659774422646,0.01015650387853384,0.011270347982645035,0.012384193018078804,0.013498037122189999,0.014611881226301193,0.015725726261734962,0.016839569434523582,0.01795341446995735,0.01906725950539112,0.02018110267817974,0.02129494771361351,0.02240879088640213,0.0235226359218359,0.02463648095726967,0.02575032413005829,0.026864169165492058,0.027978014200925827,0.029091857373714447,0.030205702409148216,0.031319547444581985,0.032433390617370605,0.033547233790159225,0.034661080688238144,0.035774923861026764],"_type":"histogram","values":[1,1,0,1,0,1,2,2,5,3,3,4,8,9,7,6,11,23,26,37,40,65,71,111,150,231,347,568,983,1887,4236,21552,11371,3377,1611,851,477,332,193,144,107,73,47,39,32,25,22,7,5,7,11,8,6,4,3,2,0,2,1,1,1,0,1,1]},"test/acc":79,"best/val_acc":76.66666666666667,"best/test_auc":0.8287442326545715}