{"_timestamp":1.7643703989567137e+09,"test/f1":0.6140601634979248,"gradients/attention.attention_weights.bias":{"values":[1,1,0,0,0,0,1,0,0,0,0,0,0,0,0,0,0,0,0,1,1,0,0,0,0,0,0,0,0,0,0,0,0,0,0,0,0,0,0,0,0,0,0,0,0,0,0,0,0,0,0,0,0,0,0,0,0,0,0,0,0,0,0,1],"bins":[8.326672684688674e-17,2.0946785972419946e-16,3.3566899260151217e-16,4.618701254788249e-16,5.880712583561376e-16,7.142723912334503e-16,8.40473524110763e-16,9.666746569880758e-16,1.0928757898653885e-15,1.2190769227427012e-15,1.345278055620014e-15,1.4714791884973266e-15,1.5976803213746393e-15,1.723881454251952e-15,1.8500825871292648e-15,1.9762837200065775e-15,2.1024848528838902e-15,2.228685985761203e-15,2.3548871186385156e-15,2.4810882515158283e-15,2.607289384393141e-15,2.7334905172704538e-15,2.8596916501477665e-15,2.9858927830250792e-15,3.112093915902392e-15,3.2382950487797046e-15,3.3644961816570174e-15,3.49069731453433e-15,3.616898447411643e-15,3.7430995802889555e-15,3.869300713166268e-15,3.995501846043581e-15,4.121702978920894e-15,4.247904111798206e-15,4.374105244675519e-15,4.500306377552832e-15,4.6265075104301445e-15,4.752708643307457e-15,4.87890977618477e-15,5.005110909062083e-15,5.131312041939395e-15,5.257513174816708e-15,5.383714307694021e-15,5.5099154405713335e-15,5.636116573448646e-15,5.762317706325959e-15,5.888518839203272e-15,6.0147199720805844e-15,6.140921104957897e-15,6.26712223783521e-15,6.3933233707125225e-15,6.519524503589835e-15,6.645725636467148e-15,6.771926769344461e-15,6.8981279022217734e-15,7.024329035099086e-15,7.150530167976399e-15,7.276731300853712e-15,7.402932433731024e-15,7.529133566608337e-15,7.65533469948565e-15,7.781535832362962e-15,7.907736965240275e-15,8.033938098117588e-15,8.1601392309949e-15],"_type":"histogram"},"_step":49,"best/epoch":34,"best/val_f1":0.6307815313339233,"best/test_f1":0.6097791790962219,"best/test_acc":76,"val/loss":1.0526531021367318,"test/auc":0.8693551421165466,"epoch":49,"val/auc":0.9449141621589661,"val/f1":0.6307815313339233,"best/val_acc":86.66666666666667,"_wandb":{"runtime":309},"gradients/attention.attention_V.0.weight":{"values":[1,0,0,2,0,0,0,0,0,0,0,0,1,0,1,4,1,6,6,12,4,11,6,19,33,49,70,125,403,46771,1076,244,108,58,36,20,12,6,6,7,10,7,7,2,5,3,2,1,1,0,0,1,0,0,1,2,1,4,1,1,1,0,1,3],"bins":[-2.141175770020709e-08,-2.0692173308134443e-08,-1.9972588916061795e-08,-1.925300274763231e-08,-1.853341835555966e-08,-1.7813833963487014e-08,-1.7094249571414366e-08,-1.637466340298488e-08,-1.5655079010912232e-08,-1.4935494618839584e-08,-1.4215910226766937e-08,-1.349632494651587e-08,-1.2776740554443222e-08,-1.2057155274192155e-08,-1.1337570882119508e-08,-1.061798560186844e-08,-9.898401209795793e-09,-9.178816817723146e-09,-8.459231537472078e-09,-7.739647145399431e-09,-7.020061865148364e-09,-6.300477473075716e-09,-5.580892636913859e-09,-4.861307800752002e-09,-4.141722964590144e-09,-3.422138128428287e-09,-2.7025532922664297e-09,-1.9829686781491773e-09,-1.26338384198732e-09,-5.437990613366139e-10,1.7578571931409215e-10,8.953704999647982e-10,1.6149552806155043e-09,2.3345401167773616e-09,3.054124952939219e-09,3.773709789101076e-09,4.4932946252629336e-09,5.212879017335581e-09,5.932463853497438e-09,6.652048689659296e-09,7.371633525821153e-09,8.09121836198301e-09,8.810802754055658e-09,9.530388034306725e-09,1.0249972426379372e-08,1.096955770663044e-08,1.1689142098703087e-08,1.2408727378954154e-08,1.3128311771026802e-08,1.3847896163099449e-08,1.4567481443350516e-08,1.5287065835423164e-08,1.600665022749581e-08,1.6726236395925298e-08,1.7445820787997945e-08,1.8165405180070593e-08,1.888498957214324e-08,1.9604573964215888e-08,2.0324160132645375e-08,2.1043744524718022e-08,2.176332891679067e-08,2.2482913308863317e-08,2.3202499477292804e-08,2.392208386936545e-08,2.46416682614381e-08],"_type":"histogram"},"gradients/attention.attention_U.0.weight":{"bins":[-8.583692867603077e-09,-8.30242630200928e-09,-8.021158848237064e-09,-7.739892282643268e-09,-7.458625717049472e-09,-7.177358707366466e-09,-6.89609169768346e-09,-6.614825132089663e-09,-6.333558122406657e-09,-6.052291112723651e-09,-5.771024547129855e-09,-5.489757537446849e-09,-5.208490527763843e-09,-4.9272239621700464e-09,-4.64595695248704e-09,-4.364690386893244e-09,-4.083423377210238e-09,-3.802156367527232e-09,-3.5208898019334356e-09,-3.2396227922504295e-09,-2.9583560046120283e-09,-2.677089216973627e-09,-2.395822207290621e-09,-2.11455541965222e-09,-1.8332886320138186e-09,-1.5520218443754175e-09,-1.2707549457147138e-09,-9.894880470540102e-10,-7.08221259415609e-10,-4.2695441626605657e-10,-1.4568757311650415e-10,1.3557927003304826e-10,4.168470013610204e-10,6.981138445105728e-10,9.793806876601252e-10,1.2606475863208289e-09,1.54191437395923e-09,1.8231811615976312e-09,2.1044481712806373e-09,2.3857149589190385e-09,2.6669817465574397e-09,2.948248534195841e-09,3.229515321834242e-09,3.510782331517248e-09,3.792049341200254e-09,4.0733159067940505e-09,4.354582916477057e-09,4.635849482070853e-09,4.917116491753859e-09,5.198383501436865e-09,5.479650067030661e-09,5.7609170767136675e-09,6.042183642307464e-09,6.32345065199047e-09,6.604717661673476e-09,6.885984227267272e-09,7.167251236950278e-09,7.4485182466332844e-09,7.72978481222708e-09,8.011051377820877e-09,8.292318831593093e-09,8.573585397186889e-09,8.854851962780685e-09,9.136119416552901e-09,9.417385982146698e-09],"_type":"histogram","values":[1,0,0,0,1,1,1,2,0,1,9,9,18,12,15,18,23,28,27,30,48,71,96,105,117,147,176,277,451,1187,44963,741,217,120,61,40,34,29,18,12,7,8,6,2,3,4,3,3,0,1,3,0,0,0,0,2,0,1,2,0,0,0,0,1]},"gradients/classifier.fc.weight":{"bins":[0,6.550383790937531e-09,1.3100767581875061e-08,1.9651151816901802e-08,2.6201535163750123e-08,3.275192028695528e-08,3.9302303633803604e-08,4.5852686980651924e-08,5.2403070327500245e-08,5.8953453674348566e-08,6.550384057391057e-08,7.205422036804521e-08,7.860460726760721e-08,8.515498706174185e-08,9.170537396130385e-08,9.825575375543849e-08,1.0480614065500049e-07,1.1135652755456249e-07,1.1790690734869713e-07,1.2445728714283177e-07,1.3100768114782113e-07,1.3755806094195577e-07,1.4410844073609042e-07,1.5065882053022506e-07,1.5720921453521441e-07,1.6375959432934906e-07,1.703099741234837e-07,1.7686036812847306e-07,1.834107479226077e-07,1.8996112771674234e-07,1.9651150751087698e-07,2.0306190151586634e-07,2.0961228131000098e-07,2.1616266110413562e-07,2.2271305510912498e-07,2.2926343490325962e-07,2.3581381469739426e-07,2.423641944915289e-07,2.4891457428566355e-07,2.554649540797982e-07,2.6201536229564226e-07,2.685657420897769e-07,2.7511612188391155e-07,2.816665016780462e-07,2.8821688147218083e-07,2.9476726126631547e-07,3.013176410604501e-07,3.078680492762942e-07,3.1441842907042883e-07,3.2096880886456347e-07,3.275191886586981e-07,3.3406956845283275e-07,3.406199482469674e-07,3.4717032804110204e-07,3.537207362569461e-07,3.6027111605108075e-07,3.668214958452154e-07,3.7337187563935004e-07,3.799222554334847e-07,3.864726352276193e-07,3.9302301502175396e-07,3.9957342323759804e-07,4.061238030317327e-07,4.126741828258673e-07,4.1922456262000196e-07],"_type":"histogram","values":[2868,68,34,21,11,3,4,2,6,2,1,2,0,3,0,3,4,4,5,0,3,3,1,2,2,0,0,2,1,3,1,1,1,0,0,2,0,0,2,1,0,0,0,0,0,0,1,2,1,0,0,1,0,0,0,0,0,0,0,0,0,0,0,1]},"test/loss":1.4611556837314073,"test/acc":77,"gradients/attention.attention_V.0.bias":{"values":[1,0,0,0,0,0,0,0,0,3,1,0,3,0,3,4,2,3,2,2,2,2,6,8,7,5,15,17,9,22,21,45,37,26,24,19,18,13,20,5,8,3,6,4,5,4,1,2,0,0,1,2,0,0,1,0,0,0,0,0,0,0,0,2],