{"_step":49,"gradients/classifier.fc.weight":{"_type":"histogram","values":[1,0,0,0,1,0,0,0,0,0,2,0,1,2,1,3,3,4,5,2,4,6,2,3,4,6,10,14,14,15,11,5,278,9,12,15,17,12,3,7,3,2,5,4,1,7,4,3,2,1,3,1,0,1,1,0,0,0,0,1,0,0,0,1],"bins":[-0.05827760323882103,-0.056463465094566345,-0.05464932695031166,-0.052835188806056976,-0.05102105438709259,-0.049206916242837906,-0.04739277809858322,-0.04557863995432854,-0.04376450181007385,-0.04195036366581917,-0.040136225521564484,-0.0383220873773098,-0.036507949233055115,-0.03469381481409073,-0.032879676669836044,-0.03106553852558136,-0.029251400381326675,-0.02743726223707199,-0.025623124092817307,-0.02380898781120777,-0.021994849666953087,-0.020180711522698402,-0.018366575241088867,-0.016552437096834183,-0.014738298952579498,-0.012924160808324814,-0.011110023595392704,-0.009295886382460594,-0.00748174823820591,-0.005667610559612513,-0.0038534728810191154,-0.0020393352024257183,-0.0002251937985420227,0.0015889438800513744,0.0034030815586447716,0.005217219237238169,0.007031356915831566,0.00884549506008625,0.01065963227301836,0.01247376948595047,0.014287907630205154,0.01610204577445984,0.017916183918714523,0.01973032020032406,0.021544458344578743,0.023358596488833427,0.025172732770442963,0.026986870914697647,0.02880100905895233,0.030615147203207016,0.0324292853474617,0.034243423491716385,0.03605756163597107,0.037871696054935455,0.03968583419919014,0.041499972343444824,0.04331411048769951,0.04512824863195419,0.04694238677620888,0.04875652492046356,0.05057065933942795,0.05238479748368263,0.05419893562793732,0.056013073772192,0.057827211916446686]},"train/loss":0.09998202348267358,"val/auc":0.8649464845657349,"val/loss":0.8205614088840473,"best/val_auc":0.8670616745948792,"epoch":49,"test/f1":0.5017008781433105,"lr":1e-10,"test/loss":1.0896772852138092,"test/auc":0.8177021741867065,"_timestamp":1.7644562365389988e+09,"best/val_f1":0.5259740352630615,"best/test_f1":0.49648213386535645,"val/f1":0.4267677068710327,"best/epoch":35,"best/val_acc":70,"gradients/dimreduction.fc1.weight":{"values":[1,1,1,2,2,5,0,0,5,3,4,5,6,10,13,16,29,37,52,82,119,174,326,572,1054,2082,4738,22290,10414,3445,1619,804,471,272,162,90,67,45,33,21,18,14,10,6,6,3,4,2,3,4,1,2,3,0,2,0,0,1,0,0,0,0,0,1],"bins":[-0.011489775031805038,-0.01107695885002613,-0.010664141736924648,-0.010251324623823166,-0.009838508442044258,-0.00942569226026535,-0.009012875147163868,-0.008600058034062386,-0.008187241852283478,-0.007774425204843283,-0.007361608557403088,-0.0069487919099628925,-0.0065359752625226974,-0.006123158615082502,-0.005710341967642307,-0.005297525320202112,-0.004884708672761917,-0.004471892025321722,-0.004059075377881527,-0.003646258730441332,-0.0032334420830011368,-0.0028206254355609417,-0.0024078087881207466,-0.0019949921406805515,-0.0015821754932403564,-0.0011693588458001614,-0.0007565421983599663,-0.0003437255509197712,6.909109652042389e-05,0.00048190774396061897,0.0008947243914008141,0.0013075410388410091,0.0017203576862812042,0.0021331743337213993,0.0025459909811615944,0.0029588076286017895,0.0033716242760419846,0.0037844409234821796,0.004197257570922375,0.00461007421836257,0.005022890865802765,0.00543570751324296,0.005848524160683155,0.00626134080812335,0.006674157455563545,0.00708697410300374,0.007499790750443935,0.007912607863545418,0.008325424045324326,0.008738240227103233,0.009151057340204716,0.009563874453306198,0.009976690635085106,0.010389506816864014,0.010802323929965496,0.011215141043066978,0.011627957224845886,0.012040773406624794,0.012453590519726276,0.012866407632827759,0.013279223814606667,0.013692039996385574,0.014104857109487057,0.014517674222588539,0.014930490404367447],"_type":"histogram"},"test/acc":74.5,"gradients/classifier.fc.bias":{"values":[1,0,0,0,0,0,0,0,0,0,0,0,0,0,0,0,0,0,0,0,0,0,0,0,0,0,0,0,0,0,0,0,2,0,0,0,0,0,0,0,0,0,0,0,0,0,0,0,0,0,0,0,0,0,0,0,0,0,0,0,0,0,0,1],"bins":[-0.011775434017181396,-0.011408873833715916,-0.011042313650250435,-0.01067575253546238,-0.010309192351996899,-0.009942632168531418,-0.009576071985065937,-0.009209511801600456,-0.0088429506868124,-0.00847639050334692,-0.00810983031988144,-0.007743270136415958,-0.007376709952950478,-0.0070101493038237095,-0.006643589120358229,-0.006277028471231461,-0.00591046828776598,-0.005543908104300499,-0.005177347455173731,-0.00481078727170825,-0.004444226622581482,-0.004077666439116001,-0.0037111062556505203,-0.003344545839354396,-0.0029779854230582714,-0.002611425006762147,-0.0022448645904660225,-0.0018783044070005417,-0.0015117439907044172,-0.0011451835744082928,-0.0007786232745274901,-0.0004120629164390266,-4.550255835056305e-05,0.0003210577997379005,0.000687618157826364,0.0010541784577071667,0.0014207388740032911,0.0017872992902994156,0.0021538594737648964,0.002520419890061021,0.0028869803063571453,0.0032535407226532698,0.0036201011389493942,0.003986661322414875,0.004353221505880356,0.004719782155007124,0.005086342338472605,0.005452902987599373,0.005819463171064854,0.0061860233545303345,0.006552584003657103,0.006919144187122583,0.0072857048362493515,0.007652265019714832,0.008018825203180313,0.008385385386645794,0.008751945570111275,0.00911850668489933,0.009485066868364811,0.009851627051830292,0.010218187235295773,0.010584747418761253,0.010951308533549309,0.01131786871701479,0.01168442890048027],"_type":"histogram"},"_wandb":{"runtime":314},"best/test_auc":0.8216001987457275,"val/acc":66.66666666666667,"best/test_acc":73.5,"_runtime":314}