{"_timestamp":1.7643737317559426e+09,"_wandb":{"runtime":226},"gradients/attention.attention_U.0.bias":{"bins":[-1.3726060288377084e-08,-1.3166971513101089e-08,-1.2607882737825093e-08,-1.2048793074370678e-08,-1.1489704299094683e-08,-1.0930615523818688e-08,-1.0371525860364272e-08,-9.812437085088277e-09,-9.253348309812282e-09,-8.694259534536286e-09,-8.13517075926029e-09,-7.576081095805876e-09,-7.01699232052988e-09,-6.457903545253885e-09,-5.898814325888679e-09,-5.339725106523474e-09,-4.780636331247479e-09,-4.221547555971483e-09,-3.662458336606278e-09,-3.1033693392856776e-09,-2.5442803419650772e-09,-1.985191344644477e-09,-1.4261023473238765e-09,-8.670133500032762e-10,-3.079243526826758e-10,2.5116464463792454e-10,8.102536419585249e-10,1.3693426392791253e-09,1.9284316365997256e-09,2.487520633920326e-09,3.0466096312409263e-09,3.6056986285615267e-09,4.164787625882127e-09,4.7238764011581225e-09,5.282965620523328e-09,5.842054839888533e-09,6.4011436151645285e-09,6.960232390440524e-09,7.519322053894939e-09,8.078410829170934e-09,8.63749960444693e-09,9.196588379722925e-09,9.75567715499892e-09,1.0314766818453336e-08,1.0873855593729331e-08,1.1432944369005327e-08,1.1992034032459742e-08,1.2551122807735737e-08,1.3110211583011733e-08,1.3669300358287728e-08,1.4228389133563724e-08,1.4787478797018139e-08,1.5346568460472554e-08,1.590565723574855e-08,1.6464746011024545e-08,1.702383478630054e-08,1.7582923561576536e-08,1.814201233685253e-08,1.8701101112128526e-08,1.9260189887404522e-08,1.9819278662680517e-08,2.0378369214313352e-08,2.0937457989589348e-08,2.1496546764865343e-08,2.205563554014134e-08],"_type":"histogram","values":[1,0,0,0,0,1,0,2,1,0,2,1,1,0,1,5,5,6,7,10,11,5,25,23,22,22,20,20,16,16,17,16,10,15,11,10,9,13,4,7,4,4,7,4,5,5,4,1,3,2,0,2,1,2,1,0,0,1,1,0,0,0,1,1]},"val/auc":1,"best/val_acc":100,"val/loss":0.0006598437081766793,"best/epoch":3,"_runtime":226,"epoch":49,"best/val_f1":1,"best/val_auc":1,"_step":49,"train/loss":2.664885874387409e-05,"gradients/attention.attention_weights.weight":{"_type":"histogram","values":[2,0,0,0,0,0,0,0,0,0,3,2,3,0,1,4,2,5,4,10,11,8,28,44,62,76,121,173,255,399,564,639,462,284,186,180,108,54,46,26,25,15,9,3,4,5,3,0,1,2,5,1,0,1,1,0,1,0,0,0,0,0,0,2],"bins":[-5.612095037577092e-07,-5.432026455309824e-07,-5.251957873042556e-07,-5.071889290775289e-07,-4.891820708508021e-07,-4.711752410457848e-07,-4.53168382819058e-07,-4.3516152459233126e-07,-4.1715469478731393e-07,-3.9914783656058717e-07,-3.811409783338604e-07,-3.6313412010713364e-07,-3.451272618804069e-07,-3.271204036536801e-07,-3.091135738486628e-07,-2.91106715621936e-07,-2.7309985739520926e-07,-2.550929991684825e-07,-2.3708615515261044e-07,-2.1907929692588368e-07,-2.0107245291001163e-07,-1.8306559468328487e-07,-1.650587364565581e-07,-1.4705189244068606e-07,-1.290450342139593e-07,-1.1103818309265989e-07,-9.303133197136049e-08,-7.502447374463372e-08,-5.701762262333432e-08,-3.901077150203491e-08,-2.100391682802183e-08,-2.9970639303655844e-09,1.500978896729066e-08,3.3016640088590066e-08,5.102349476260315e-08,6.903034943661623e-08,8.703720055791564e-08,1.0504405167921504e-07,1.230509099059418e-07,1.4105775392181386e-07,1.5906461214854062e-07,1.7707147037526738e-07,1.9507831439113943e-07,2.130851726178662e-07,2.3109203084459295e-07,2.490988890713197e-07,2.6710571887633705e-07,2.851125771030638e-07,3.031194353297906e-07,3.2112629355651734e-07,3.391331517832441e-07,3.5713998158826143e-07,3.751468398149882e-07,3.9315369804171496e-07,4.111605562684417e-07,4.291674144951685e-07,4.4717427272189525e-07,4.651811025269126e-07,4.831879891753488e-07,5.011947905586567e-07,5.192016487853834e-07,5.372085070121102e-07,5.55215365238837e-07,5.732222234655637e-07,5.912290816922905e-07]},"gradients/classifier.fc.weight":{"bins":[-3.6263896618038416e-05,-3.512827242957428e-05,-3.399264460313134e-05,-3.2857020414667204e-05,-3.172139258822426e-05,-3.058576839976013e-05,-2.9450144211295992e-05,-2.8314518203842454e-05,-2.7178892196388915e-05,-2.6043266188935377e-05,-2.4907640181481838e-05,-2.3772015993017703e-05,-2.2636389985564165e-05,-2.1500763978110626e-05,-2.036513978964649e-05,-1.9229513782192953e-05,-1.8093887774739414e-05,-1.6958261767285876e-05,-1.5822635759832337e-05,-1.4687011571368203e-05,-1.3551385563914664e-05,-1.2415759556461126e-05,-1.1280134458502289e-05,-1.0144509360543452e-05,-9.008883353089914e-06,-7.873257345636375e-06,-6.7376322476775385e-06,-5.602006694971351e-06,-4.466381142265163e-06,-3.3307555895589758e-06,-2.195130036852788e-06,-1.0595044841466006e-06,7.6121068559587e-08,1.2117466212657746e-06,2.347372173971962e-06,3.4829977266781498e-06,4.618623279384337e-06,5.754248832090525e-06,6.8898743847967125e-06,8.02549948275555e-06,9.161125490209088e-06,1.0296751497662626e-05,1.1432376595621463e-05,1.25680016935803e-05,1.3703627701033838e-05,1.4839253708487377e-05,1.597487789695151e-05,1.711050390440505e-05,1.824612991185859e-05,1.9381755919312127e-05,2.0517381926765665e-05,2.16530061152298e-05,2.278863212268334e-05,2.3924258130136877e-05,2.5059882318601012e-05,2.619550832605455e-05,2.733113433350809e-05,2.8466760340961628e-05,2.9602386348415166e-05,3.07380105368793e-05,3.1873634725343436e-05,3.300926255178638e-05,3.414488674025051e-05,3.5280514566693455e-05,3.641613875515759e-05],"_type":"histogram","values":[3,1,1,0,1,2,1,5,0,1,2,0,2,0,0,2,4,0,3,2,0,3,1,2,2,11,4,2,8,11,30,2270,86,29,9,7,2,6,9,2,2,1,3,0,2,3,0,4,2,0,1,1,0,2,1,0,5,1,2,1,0,1,1,3]},"test/auc":0.9619260430335999,"gradients/dimreduction.fc1.weight":{"_type":"histogram","values":[1,0,1,0,0,3,0,1,0,0,0,0,1,1,1,1,1,1,3,1,0,0,4,2,1,6,4,7,17,16,28,21,33,59,105,177,411,1854,45305,526,187,127,62,46,34,21,12,20,18,11,7,4,5,2,1,1,0,0,0,0,0,0,0,2],"bins":[-2.0169416529824957e-05,-1.964008879440371e-05,-1.9110762877971865e-05,-1.8581435142550617e-05,-1.8052109226118773e-05,-1.7522781490697525e-05,-1.6993453755276278e-05,-1.6464127838844433e-05,-1.5934800103423186e-05,-1.540547418699134e-05,-1.4876146451570094e-05,-1.4346819625643548e-05,-1.3817492799717002e-05,-1.3288165973790456e-05,-1.2758838238369208e-05,-1.2229511412442662e-05,-1.1700184586516116e-05,-1.117085776058957e-05,-1.0641530934663024e-05,-1.0112203199241776e-05,-9.58287637331523e-06,-9.053549547388684e-06,-8.524222721462138e-06,-7.994895895535592e-06,-7.465568614861695e-06,-6.936241788935149e-06,-6.406914508261252e-06,-5.877587682334706e-06,-5.34826085640816e-06,-4.818933575734263e-06,-4.289606749807717e-06,-3.760279696507496e-06,-3.2309517337125726e-06,-2.701624680412351e-06,-2.1722976271121297e-06,-1.6429708011855837e-06,-1.1136437478853622e-06,-5.843167514285597e-07,-5.4989754971757066e-08,4.743372414850455e-07,1.0036642379418481e-06,1.5329912912420696e-06,2.062318344542291e-06,2.591645170468837e-06,3.1209722237690585e-06,3.65029927706928e-06,4.179626102995826e-06,4.708953383669723e-06,5.238280209596269e-06,5.767607035522815e-06,6.296934316196712e-06,6.826261142123258e-06,7.355588422797155e-06,7.8849152487237e-06,8.414242074650247e-06,8.943568900576793e-06,9.47289663599804e-06,1.0002223461924586e-05,1.0531550287851132e-05,1.1060877113777678e-05,1.1590203939704224e-05,1.211953076563077e-05,1.2648858501052018e-05,1.3178185326978564e-05,1.370751215290511e-05]},"gradients/attention.attention_V.0.weight":{"values":[3,0,3,0,3,3,2,4,4,6,5,8,5,8,7,5,20,8,13,15,25,17,24,35,38,47,49,78,109,128,167,255,399,45758,822,255,178,120,111,64,61,48,39,33,22,25,25,28,9,12,13,11,5,1,1,3,4,2,1,2,4,0,1,1],