{"best/val_f1":0.8611111640930176,"best/epoch":15,"test/loss":1.4997903437489446,"gradients/attention.attention_U.0.weight":{"_type":"histogram","values":[1,1,1,1,0,1,1,1,1,0,2,3,0,1,3,1,3,6,5,3,6,7,7,4,14,28,39,81,178,362,46060,1665,239,131,67,47,26,21,25,9,20,12,13,11,12,7,4,4,5,5,0,1,2,1,0,0,0,0,0,0,2,0,0,2],"bins":[-2.9389515475486405e-05,-2.843717265932355e-05,-2.7484828024171293e-05,-2.653248520800844e-05,-2.5580142391845584e-05,-2.4627797756693326e-05,-2.367545494053047e-05,-2.2723110305378214e-05,-2.177076748921536e-05,-2.0818424673052505e-05,-1.9866080037900247e-05,-1.8913737221737392e-05,-1.7961392586585134e-05,-1.700904977042228e-05,-1.6056706954259425e-05,-1.510436322860187e-05,-1.4152019502944313e-05,-1.3199675777286757e-05,-1.22473320516292e-05,-1.1294989235466346e-05,-1.034264550980879e-05,-9.390301784151234e-06,-8.43795896798838e-06,-7.485615242330823e-06,-6.533271516673267e-06,-5.580927791015711e-06,-4.628584520105505e-06,-3.6762410218216246e-06,-2.723897523537744e-06,-1.771554025253863e-06,-8.192105269699823e-07,1.3313297131389845e-07,1.0854782885871828e-06,2.0378217868710635e-06,2.9901652851549443e-06,3.94250855606515e-06,4.894852281722706e-06,5.847196007380262e-06,6.799539278290467e-06,7.751882549200673e-06,8.704226274858229e-06,9.656570000515785e-06,1.0608913726173341e-05,1.1561256542336196e-05,1.2513600267993752e-05,1.3465943993651308e-05,1.4418286809814163e-05,1.537063144496642e-05,1.6322974261129275e-05,1.727531707729213e-05,1.8227661712444387e-05,1.9180004528607242e-05,2.01323491637595e-05,2.1084691979922354e-05,2.203703479608521e-05,2.2989379431237467e-05,2.394172224740032e-05,2.4894065063563175e-05,2.5846409698715433e-05,2.6798752514878288e-05,2.7751095331041142e-05,2.87034399661934e-05,2.9655782782356255e-05,3.060812741750851e-05,3.156047023367137e-05]},"_wandb":{"runtime":332},"best/test_f1":0.49232035875320435,"lr":1e-10,"val/acc":90,"test/auc":0.8535772562026978,"epoch":49,"best/val_acc":93.33333333333333,"test/f1":0.6006556153297424,"val/loss":0.9287126383256812,"gradients/attention.attention_weights.bias":{"_type":"histogram","values":[1],"bins":[4.320099833421409e-11,4.320099833421409e-11]},"best/test_auc":0.7958167791366577,"gradients/classifier.fc.bias":{"bins":[-5.841255187988281e-05,-5.6593988119857386e-05,-5.477542072185315e-05,-5.2956856961827725e-05,-5.11382932018023e-05,-4.931972944177687e-05,-4.750116204377264e-05,-4.568259828374721e-05,-4.3864034523721784e-05,-4.204546712571755e-05,-4.0226903365692124e-05,-3.84083396056667e-05,-3.658977584564127e-05,-3.4771208447637036e-05,-3.295264468761161e-05,-3.113408092758618e-05,-2.9315515348571353e-05,-2.7496949769556522e-05,-2.5678386009531096e-05,-2.3859820430516265e-05,-2.204125667049084e-05,-2.0222691091476008e-05,-1.840412733145058e-05,-1.658556175243575e-05,-1.4766997082915623e-05,-1.2948432413395494e-05,-1.1129867743875366e-05,-9.311303074355237e-06,-7.492737950087758e-06,-5.674173280567629e-06,-3.85560815630015e-06,-2.0370434867800213e-06,-2.1847881725989282e-07,1.6000859659470734e-06,3.4186507491540397e-06,5.237215646047844e-06,7.055780315567972e-06,8.874345439835452e-06,1.069291010935558e-05,1.2511474778875709e-05,1.4330039448395837e-05,1.6148604117915966e-05,1.7967169696930796e-05,1.9785733456956223e-05,2.1604299035971053e-05,2.342286279599648e-05,2.524142837501131e-05,2.7059992135036737e-05,2.8878557714051567e-05,3.06971232930664e-05,3.2515687053091824e-05,3.433425081311725e-05,3.6152818211121485e-05,3.797138197114691e-05,3.978994573117234e-05,4.1608509491197765e-05,4.3427076889202e-05,4.5245640649227425e-05,4.706420440925285e-05,4.8882771807257086e-05,5.070133556728251e-05,5.251989932730794e-05,5.4338463087333366e-05,5.61570304853376e-05,5.797559424536303e-05],"_type":"histogram","values":[1,0,0,0,0,0,0,0,0,0,0,0,0,0,0,0,0,0,0,0,0,0,0,0,0,0,0,0,0,0,0,0,2,0,0,0,0,0,0,0,0,0,0,0,0,0,0,0,0,0,0,0,0,0,0,0,0,0,0,0,0,0,0,1]},"gradients/classifier.fc.weight":{"values":[1,1,0,0,2,0,0,0,0,0,0,2,1,0,0,1,3,1,2,0,4,0,1,0,0,0,3,2,2,4,5,12,429,5,3,4,2,2,1,0,0,1,0,3,1,2,1,1,3,0,0,1,1,1,0,0,0,0,0,1,1,0,1,1],"bins":[-0.0008936579106375575,-0.0008658355800434947,-0.000838013191241771,-0.0008101908606477082,-0.0007823684718459845,-0.0007545461412519217,-0.0007267237524501979,-0.0006989014218561351,-0.0006710790330544114,-0.0006432567024603486,-0.0006154343718662858,-0.0005876119830645621,-0.0005597896524704993,-0.0005319672636687756,-0.0005041449330747128,-0.0004763225733768195,-0.00044850021367892623,-0.00042067785398103297,-0.0003928554942831397,-0.00036503313458524644,-0.0003372107748873532,-0.0003093884442932904,-0.0002815660845953971,-0.00025374372489750385,-0.0002259213651996106,-0.00019809900550171733,-0.00017027664580382407,-0.00014245430065784603,-0.00011463194095995277,-8.680958126205951e-05,-5.898722884012386e-05,-3.116487278020941e-05,-3.3425167202949524e-06,2.4479839339619502e-05,5.230219539953396e-05,8.01245478214696e-05,0.00010794690751936287,0.00013576926721725613,0.00016359161236323416,0.00019141397206112742,0.00021923633175902069,0.00024705869145691395,0.0002748810511548072,0.00030270341085270047,0.0003305257414467633,0.00035834810114465654,0.0003861704608425498,0.00041399282054044306,0.0004418151802383363,0.0004696375399362296,0.0004974598996341228,0.0005252822302281857,0.0005531046190299094,0.0005809269496239722,0.0006087493384256959,0.0006365716690197587,0.0006643939996138215,0.0006922163884155452,0.000720038719009608,0.0007478611078113317,0.0007756834384053946,0.0008035058272071183,0.0008313281578011811,0.0008591505466029048,0.0008869728771969676],"_type":"histogram"},"val/f1":0.7802197933197021,"_step":49,"_runtime":332,"_timestamp":1.7643113320291357e+09,"best/val_auc":0.7319999933242798,"gradients/attention.attention_V.0.weight":{"values":[1,0,1,0,1,0,2,1,0,1,0,1,0,1,0,0,2,0,1,2,1,0,0,2,0,1,0,1,1,3,2,4,6,4,8,7,10,14,18,34,67,215,48322,178,83,44,27,19,15,16,10,8,3,5,0,2,2,2,0,0,2,0,1,1],"bins":[-8.50601791171357e-05,-8.305965457111597e-05,-8.105913002509624e-05,-7.90586054790765e-05,-7.705808093305677e-05,-7.505755638703704e-05,-7.30570318410173e-05,-7.105650729499757e-05,-6.905598274897784e-05,-6.705546547891572e-05,-6.505494093289599e-05,-6.305441638687626e-05,-6.105389184085652e-05,-5.905336729483679e-05,-5.7052842748817056e-05,-5.5052318202797323e-05,-5.305179365677759e-05,-5.105126911075786e-05,-4.9050744564738125e-05,-4.705022001871839e-05,-4.504969547269866e-05,-4.304917456465773e-05,-4.1048650018638e-05,-3.904812547261827e-05,-3.7047600926598534e-05,-3.50470763805788e-05,-3.304655183455907e-05,-3.1046027288539335e-05,-2.9045504561509006e-05,-2.7044980015489273e-05,-2.5044457288458943e-05,-2.304393274243921e-05,-2.1043411834398285e-05,-1.904288728837855e-05,-1.704236274235882e-05,-1.504184001532849e-05,-1.3041315469308756e-05,-1.1040790923289023e-05,-9.040267286763992e-06,-7.03974319549161e-06,-5.039219104219228e-06,-3.038695012946846e-06,-1.038170921674464e-06,9.623531695979182e-07,2.9628772608703002e-06,4.963401352142682e-06,6.963925443415064e-06,8.964449079940096e-06,1.0964973625959828e-05,1.2965498171979561e-05,1.4966021808504593e-05,1.6966545445029624e-05,1.8967069991049357e-05,2.096759453706909e-05,2.296811726409942e-05,2.4968641810119152e-05,2.6969166356138885e-05,2.8969690902158618e-05,3.097021544817835e-05,3.2970739994198084e-05,3.497126454021782e-05,3.697178544825874e-05,3.8972309994278476e-05,4.097283454029821e-05,4.297335908631794e-05],"_type":"histogram"},"val/auc":0.722000002861023,"gradients/attention.attention_V.0.bias":{"_type":"histogram","values":[1,0,0,0,0,0,0,0,0,0,0,0,0,0,0,0,0,0,0,0,0,0,0,0,0,0,0,0,0,0,0,1,1,0,0,1,2,0,0,0,2,2,5,4,346,5,2,1,0,2,1,1,2,2,0,1,1,0,0,0,0,0,0,1],