{"best/test_f1":0.6039015650749207,"_wandb":{"runtime":300},"test/acc":84.5,"test/auc":0.8805177211761475,"val/auc":0.7833876609802246,"gradients/classifier.fc.bias":{"_type":"histogram","values":[1,0,0,0,0,0,0,0,0,0,0,0,0,0,0,0,0,0,0,0,0,0,0,0,0,0,0,0,0,0,0,0,0,0,0,0,0,2,0,0,0,0,0,0,0,0,0,0,0,0,0,0,0,0,0,0,0,0,0,0,0,0,0,1],"bins":[-1.430511474609375e-06,-1.3890563650420518e-06,-1.3476011417878908e-06,-1.3061460322205676e-06,-1.2646908089664066e-06,-1.2232356993990834e-06,-1.1817804761449224e-06,-1.1403253665775992e-06,-1.0988701433234382e-06,-1.057415033756115e-06,-1.015959810501954e-06,-9.745047009346308e-07,-9.330495345238887e-07,-8.915943681131466e-07,-8.501392017024045e-07,-8.086840352916624e-07,-7.672288688809203e-07,-7.257737024701783e-07,-6.843185360594362e-07,-6.428633696486941e-07,-6.01408203237952e-07,-5.599530368272099e-07,-5.184978704164678e-07,-4.770427040057257e-07,-4.35587566016693e-07,-3.941323996059509e-07,-3.5267723319520883e-07,-3.1122206678446673e-07,-2.6976692879543407e-07,-2.2831174817383726e-07,-1.8685659597394988e-07,-1.4540142956320778e-07,-1.0394626315246569e-07,-6.24910967417236e-08,-2.1035937436408858e-08,2.0419225421619558e-08,6.187438827964797e-08,1.0332955469039007e-07,1.4478470689027745e-07,1.8623987330101954e-07,2.2769503971176164e-07,2.6915020612250373e-07,3.1060537253324583e-07,3.520605389439879e-07,3.935156769330206e-07,4.349708433437627e-07,4.764260097545048e-07,5.178811761652469e-07,5.59336342575989e-07,6.007915089867311e-07,6.422466753974732e-07,6.837018418082152e-07,7.251570082189573e-07,7.666121746296994e-07,8.080673410404415e-07,8.495225074511836e-07,8.909776170185069e-07,9.32432783429249e-07,9.73887949839991e-07,1.015343173094152e-06,1.0567982826614752e-06,1.0982535059156362e-06,1.1397086154829594e-06,1.1811638387371204e-06,1.2226189483044436e-06]},"lr":1e-10,"gradients/classifier.fc.weight":{"_type":"histogram","values":[2,0,0,0,0,0,0,2,1,2,3,3,4,1,7,4,0,3,4,4,4,7,7,6,4,2,4,10,8,9,5,4,6,3,95,129,55,11,7,11,11,5,4,6,6,9,4,4,7,0,3,8,3,2,3,4,2,2,0,0,0,0,0,2],"bins":[-1.5803372662048787e-05,-1.534540206193924e-05,-1.4887432371324394e-05,-1.4429462680709548e-05,-1.3971492080600001e-05,-1.3513522389985155e-05,-1.305555269937031e-05,-1.2597582099260762e-05,-1.2139612408645917e-05,-1.1681642718031071e-05,-1.1223672117921524e-05,-1.0765702427306678e-05,-1.0307732736691833e-05,-9.849762136582285e-06,-9.39179244596744e-06,-8.933821845857892e-06,-8.475852155243047e-06,-8.017882464628201e-06,-7.559911864518654e-06,-7.101942173903808e-06,-6.6439720285416115e-06,-6.186001883179415e-06,-5.728032192564569e-06,-5.270062047202373e-06,-4.8120919018401764e-06,-4.35412175647798e-06,-3.8961516111157835e-06,-3.438181920500938e-06,-2.9802117751387414e-06,-2.522241629776545e-06,-2.064271711788024e-06,-1.606301680112665e-06,-1.1483307389426045e-06,-6.903607072672457e-07,-2.3239067559188697e-07,2.255793560834718e-07,6.835493877588306e-07,1.1415194194341893e-06,1.599489451109548e-06,2.057459369098069e-06,2.5154295144602656e-06,2.973399659822462e-06,3.431369577810983e-06,3.889339495799504e-06,4.347309641161701e-06,4.805279786523897e-06,5.263249477138743e-06,5.721219622500939e-06,6.179189767863136e-06,6.637159913225332e-06,7.095130058587529e-06,7.553099749202374e-06,8.01106943981722e-06,8.469040039926767e-06,8.927009730541613e-06,9.38498033065116e-06,9.842950021266006e-06,1.0300919711880852e-05,1.0758890311990399e-05,1.1216860002605245e-05,1.1674830602714792e-05,1.2132800293329637e-05,1.2590769983944483e-05,1.304874058405403e-05,1.3506710274668876e-05]},"_runtime":300,"_step":49,"val/f1":0.45202022790908813,"best/val_acc":73.33333333333333,"val/loss":1.8575288287443432,"test/f1":0.5731594562530518,"val/acc":73.33333333333333,"best/test_auc":0.8732256889343262,"best/val_f1":0.45202022790908813,"epoch":49,"test/loss":0.8539065323201727,"best/epoch":6,"gradients/dimreduction.fc1.weight":{"_type":"histogram","values":[1,0,0,0,1,1,0,0,0,1,0,2,2,1,2,3,2,1,6,2,8,21,27,31,48,72,122,181,315,603,1091,2320,5723,23475,8725,3158,1400,784,399,240,122,88,54,31,27,18,12,5,3,5,8,2,2,2,0,1,0,1,1,1,0,0,0,1],"bins":[-5.386280463426374e-06,-5.2263690122345e-06,-5.0664571062952746e-06,-4.9065456551034e-06,-4.746633749164175e-06,-4.586722297972301e-06,-4.426810392033076e-06,-4.266898940841202e-06,-4.106987034901977e-06,-3.947075583710102e-06,-3.7871639051445527e-06,-3.627252226579003e-06,-3.4673405480134534e-06,-3.3074288694479037e-06,-3.147517190882354e-06,-2.9876055123168044e-06,-2.8276938337512547e-06,-2.667782155185705e-06,-2.5078704766201554e-06,-2.3479587980546057e-06,-2.188047119489056e-06,-2.0281354409235064e-06,-1.8682238760447945e-06,-1.7083121974792448e-06,-1.5484005189136951e-06,-1.3884888403481455e-06,-1.2285771617825958e-06,-1.0686654832170461e-06,-9.087538614949153e-07,-7.488421829293657e-07,-5.889305612072349e-07,-4.290188826416852e-07,-2.6910720407613553e-07,-1.0919553972144058e-07,5.071612463325437e-08,2.1062778898794932e-07,3.7053945334264426e-07,5.304511319081939e-07,6.903627536303247e-07,8.502744321958744e-07,1.010186110761424e-06,1.1700977893269737e-06,1.3300094678925234e-06,1.489921146458073e-06,1.649832711336785e-06,1.8097443899023347e-06,1.9696560684678843e-06,2.129567747033434e-06,2.2894794255989837e-06,2.4493911041645333e-06,2.609302782730083e-06,2.7692144612956326e-06,2.9291261398611823e-06,3.089037818426732e-06,3.2489494969922816e-06,3.4088611755578313e-06,3.5687726267497055e-06,3.728684305315255e-06,3.888595983880805e-06,4.04850788982003e-06,4.208419341011904e-06,4.368331246951129e-06,4.5282426981430035e-06,4.688154604082229e-06,4.848066055274103e-06]},"train/loss":0.00012591868146570663,"best/val_auc":0.8004904985427856,"best/test_acc":85.5,"_timestamp":1.7644643719629927e+09}