{"val/f1":0.9232954978942871,"gradients/attention.attention_V.0.weight":{"values":[2,0,0,1,0,1,0,0,0,2,0,0,1,1,0,0,5,3,8,9,11,15,13,26,27,63,118,48134,347,97,74,44,33,27,19,13,10,3,9,7,5,4,2,2,1,4,2,2,0,3,0,1,0,0,0,1,1,0,0,0,0,0,0,1],"bins":[-8.917414362485943e-09,-8.596192202503516e-09,-8.27497093069951e-09,-7.953749658895504e-09,-7.632527498913078e-09,-7.311305783019861e-09,-6.990084067126645e-09,-6.668862351233429e-09,-6.347640635340213e-09,-6.026418919446996e-09,-5.70519720355378e-09,-5.383975487660564e-09,-5.062753771767348e-09,-4.741532055874131e-09,-4.420310339980915e-09,-4.099088624087699e-09,-3.777866908194483e-09,-3.4566451923012664e-09,-3.13542347640805e-09,-2.814201760514834e-09,-2.4929800446216177e-09,-2.1717583287284015e-09,-1.8505366128351852e-09,-1.529314896941969e-09,-1.2080931810487527e-09,-8.868714651555365e-10,-5.656497492623203e-10,-2.44428033369104e-10,7.679368252411223e-11,3.9801539841732847e-10,7.192371143105447e-10,1.040458830203761e-09,1.3616814342753969e-09,1.6829031501686131e-09,2.0041248660618294e-09,2.3253465819550456e-09,2.646568297848262e-09,2.967790013741478e-09,3.2890117296346943e-09,3.6102334455279106e-09,3.931455161421127e-09,4.252676877314343e-09,4.573898593207559e-09,4.8951203091007756e-09,5.216342024993992e-09,5.537563740887208e-09,5.858785456780424e-09,6.1800071726736405e-09,6.501228888566857e-09,6.822450604460073e-09,7.143672320353289e-09,7.464894480335715e-09,7.786115752139722e-09,8.107337023943728e-09,8.428559183926154e-09,8.74978134390858e-09,9.071002615712587e-09,9.392223887516593e-09,9.71344604749902e-09,1.0034668207481445e-08,1.0355889479285452e-08,1.0677110751089458e-08,1.0998332911071884e-08,1.131955507105431e-08,1.1640776342858317e-08],"_type":"histogram"},"gradients/dimreduction.fc1.weight":{"_type":"histogram","values":[1,2,1,0,1,1,2,0,3,3,2,6,6,8,18,11,17,13,22,31,32,44,57,69,76,102,124,202,309,426,666,1233,3469,37964,1564,836,487,323,241,210,132,121,76,53,51,31,22,16,10,15,7,10,7,8,2,3,1,2,1,0,0,0,0,2],"bins":[-1.2774532542891848e-08,-1.2389673287316327e-08,-1.2004814919919227e-08,-1.1619955664343706e-08,-1.1235096408768186e-08,-1.0850238041371085e-08,-1.0465378785795565e-08,-1.0080520418398464e-08,-9.695661162822944e-09,-9.310801907247424e-09,-8.925943539850323e-09,-8.541084284274802e-09,-8.156225916877702e-09,-7.771366661302181e-09,-7.386507405726661e-09,-7.0016485942403506e-09,-6.61678978275404e-09,-6.2319309712677295e-09,-5.847072159781419e-09,-5.462212904205899e-09,-5.077354092719588e-09,-4.692495281233278e-09,-4.307636025657757e-09,-3.922777214171447e-09,-3.5379184026851362e-09,-3.1530595911988257e-09,-2.7682005576679103e-09,-2.383341524136995e-09,-1.9984827126506843e-09,-1.6136237901420714e-09,-1.2287648676334584e-09,-8.439059451248454e-10,-4.590461344378127e-10,-7.418721192919975e-11,3.1067171057941323e-10,6.955306330880262e-10,1.0803895555966392e-09,1.4652484781052522e-09,1.8501074006138651e-09,2.2349664341447806e-09,2.619825245631091e-09,3.0046840571174016e-09,3.389543090648317e-09,3.7744021241792325e-09,4.159260935665543e-09,4.5441197471518535e-09,4.928979002727374e-09,5.313837814213684e-09,5.698696625699995e-09,6.0835554371863054e-09,6.468414248672616e-09,6.853273504248136e-09,7.238132315734447e-09,7.622991127220757e-09,8.007850382796278e-09,8.392708750193378e-09,8.777568005768899e-09,9.162427261344419e-09,9.54728562874152e-09,9.93214488431704e-09,1.031700413989256e-08,1.0701862507289661e-08,1.1086721762865182e-08,1.1471580130262282e-08,1.1856439385837803e-08]},"gradients/attention.attention_U.0.weight":{"bins":[-2.089604489441399e-09,-2.006312227464946e-09,-1.9230199654884927e-09,-1.8397277035120396e-09,-1.7564354415355865e-09,-1.6731431795591334e-09,-1.5898509175826803e-09,-1.5065586556062271e-09,-1.423266393629774e-09,-1.3399740206310184e-09,-1.2566817586545653e-09,-1.1733894966781122e-09,-1.090097234701659e-09,-1.006804972725206e-09,-9.235127107487529e-10,-8.402204487722997e-10,-7.569281867958466e-10,-6.736359248193935e-10,-5.903436628429404e-10,-5.070514008664873e-10,-4.237591111344585e-10,-3.404668491580054e-10,-2.5717455942597667e-10,-1.7388229744952355e-10,-9.059003547307043e-11,-7.297766557723406e-12,7.599450235762362e-11,1.5928677821186454e-10,2.4257904018831766e-10,3.258713021647708e-10,4.091635918967995e-10,4.924558538732526e-10,5.757481158497058e-10,6.590403778261589e-10,7.42332639802612e-10,8.256249017790651e-10,9.089171637555182e-10,9.922094257319714e-10,1.0755016877084245e-09,1.1587939496848776e-09,1.2420862116613307e-09,1.3253785846600863e-09,1.4086708466365394e-09,1.4919631086129925e-09,1.5752553705894456e-09,1.6585476325658988e-09,1.7418398945423519e-09,1.825132156518805e-09,1.9084245295175606e-09,1.9917167914940137e-09,2.075009053470467e-09,2.15830131544692e-09,2.241593577423373e-09,2.324885839399826e-09,2.4081781013762793e-09,2.4914703633527324e-09,2.5747626253291855e-09,2.6580548873056387e-09,2.7413471492820918e-09,2.824639411258545e-09,2.907931673234998e-09,2.991223935211451e-09,3.0745161971879043e-09,3.1578084591643574e-09,3.2411007211408105e-09],"_type":"histogram","values":[1,0,0,1,0,0,0,3,4,2,3,2,1,5,9,3,1,1,5,6,12,22,24,71,534,45970,670,452,359,243,182,155,84,78,57,37,24,21,15,12,11,4,12,6,6,3,8,4,3,3,3,4,4,1,1,1,0,3,3,0,0,1,0,2]},"gradients/attention.attention_U.0.bias":{"_type":"histogram","values":[1,0,0,0,0,0,0,0,1,0,0,0,0,0,0,0,1,0,0,0,0,0,0,0,2,3,223,30,11,6,5,6,5,2,4,4,9,1,3,6,3,7,2,5,5,2,5,4,2,2,2,3,4,4,1,1,0,0,6,0,0,1,0,2],"bins":[-9.257590527500525e-11,-8.910485543855984e-11,-8.563379866322052e-11,-8.21627488267751e-11,-7.869169205143578e-11,-7.522064221499036e-11,-7.174958543965104e-11,-6.827853560320563e-11,-6.48074788278663e-11,-6.133642899142089e-11,-5.786537568552852e-11,-5.439432237963615e-11,-5.0923272543190734e-11,-4.7452219237298365e-11,-4.3981165931405997e-11,-4.051011262551363e-11,-3.703905931962126e-11,-3.356800601372889e-11,-3.009695270783652e-11,-2.662590113666763e-11,-2.315484783077526e-11,-1.968379452488289e-11,-1.6212742953714e-11,-1.274168964782163e-11,-9.270636341929261e-12,-5.799583469717762e-12,-2.328530597506262e-12,1.1425222747052377e-12,4.6135751469167374e-12,8.084628452809106e-12,1.1555680891339737e-11,1.5026733329870368e-11,1.8497786635762736e-11,2.1968839941655105e-11,2.5439893247547474e-11,2.8910944818716366e-11,3.238199985933221e-11,3.585304969577763e-11,3.9324103001669997e-11,4.2795156307562365e-11,4.6266209613454734e-11,4.97372629193471e-11,5.320831622523947e-11,5.667936953113184e-11,6.015041936757726e-11,6.362147614291658e-11,6.7092525979362e-11,7.056358275470132e-11,7.403463259114673e-11,7.750568242759215e-11,8.097673920293147e-11,8.444778903937689e-11,8.791884581471621e-11,9.138989565116162e-11,9.486095242650094e-11,9.833200226294636e-11,1.0180305209939178e-10,1.052741088747311e-10,1.0874515871117651e-10,1.1221621548651584e-10,1.1568726532296125e-10,1.1915832209830057e-10,1.226293788736399e-10,1.261004217711914e-10,1.2957147854653073e-10]},"best/test_acc":90.69767441860465,"_timestamp":1.764310086532071e+09,"_step":49,"best/test_f1":0.8976190686225891,"best/test_auc":0.9242347478866577,"test/auc":0.9665178656578064,"_wandb":{"runtime":251},"epoch":49,"best/val_acc":92.5925925925926,