{"gradients/attention.attention_weights.bias":{"_type":"histogram","values":[1,0,0,0,0,0,0,0,0,0,0,0,0,0,0,0,0,0,0,0,0,0,0,0,1,0,0,0,0,0,0,0,0,0,0,0,0,0,0,0,1,0,0,0,0,0,0,0,0,0,0,0,0,1,0,0,0,0,0,1,0,0,0,1],"bins":[-1.8596235662471372e-13,-1.8145381031065e-13,-1.7694526399658628e-13,-1.7243671768252256e-13,-1.6792817136845883e-13,-1.634196250543951e-13,-1.589110787403314e-13,-1.5440253242626767e-13,-1.4989398611220395e-13,-1.4538543979814023e-13,-1.408768934840765e-13,-1.3636834717001278e-13,-1.3185980085594906e-13,-1.2735125454188534e-13,-1.2284270822782162e-13,-1.183341619137579e-13,-1.1382561559969417e-13,-1.0931706928563045e-13,-1.0480852297156673e-13,-1.0029997665750301e-13,-9.579143034343929e-14,-9.128288402937557e-14,-8.677433771531184e-14,-8.226579140124812e-14,-7.77572450871844e-14,-7.324869877312068e-14,-6.874015245905696e-14,-6.423160614499324e-14,-5.972305983092951e-14,-5.521451351686579e-14,-5.070596720280207e-14,-4.619742088873835e-14,-4.168887457467463e-14,-3.7180328260610906e-14,-3.2671781946547185e-14,-2.8163235632483463e-14,-2.365468931841974e-14,-1.914614300435602e-14,-1.4637596690292298e-14,-1.0129050376228577e-14,-5.620504062164855e-15,-1.1119577481011333e-15,3.3965885659625883e-15,7.90513488002631e-15,1.2413681194090032e-14,1.6922227508153753e-14,2.1430773822217475e-14,2.5939320136281196e-14,3.044786645034492e-14,3.495641276440864e-14,3.946495907847236e-14,4.397350539253608e-14,4.8482051706599805e-14,5.2990598020663526e-14,5.749914433472725e-14,6.200769064879097e-14,6.651623696285469e-14,7.102478327691841e-14,7.553332959098213e-14,8.004187590504586e-14,8.455042221910958e-14,8.90589685331733e-14,9.356751484723702e-14,9.807606116130074e-14,1.0258460747536446e-13]},"lr":1e-10,"best/test_auc":0.9734693765640259,"train/loss":6.882063699937494e-06,"val/f1":0.9621318578720093,"_timestamp":1.7643670137245662e+09,"test/auc":0.9470663070678711,"gradients/classifier.fc.bias":{"_type":"histogram","values":[1,0,0,0,0,0,0,0,0,0,0,0,0,0,0,0,0,0,0,0,0,0,0,0,0,0,0,0,0,0,0,0,0,0,0,0,0,0,0,0,0,0,0,0,0,0,0,0,0,0,0,0,0,0,0,0,0,0,0,0,0,0,0,1],"bins":[-1.0728836059570312e-06,-1.0393373486294877e-06,-1.0057912049887818e-06,-9.722449476612383e-07,-9.386986903336947e-07,-9.0515248984957e-07,-8.716062893654453e-07,-8.380600320379017e-07,-8.04513831553777e-07,-7.709676310696523e-07,-7.374213737421087e-07,-7.03875173257984e-07,-6.703289727738593e-07,-6.367827154463157e-07,-6.03236514962191e-07,-5.696902576346474e-07,-5.361440571505227e-07,-5.02597856666398e-07,-4.6905159933885443e-07,-4.355053988547297e-07,-4.019591699488956e-07,-3.6841294104306144e-07,-3.348667405589367e-07,-3.013205116531026e-07,-2.6777428274726844e-07,-2.342280538414343e-07,-2.0068183914645488e-07,-1.6713562445147545e-07,-1.335893955456413e-07,-1.0004317374523453e-07,-6.649695194482774e-08,-3.295073014442096e-08,5.956053428235464e-10,3.414182714323033e-08,6.768804894363711e-08,1.012342707440439e-07,1.3478049254445068e-07,1.6832672145028482e-07,2.0187293614526425e-07,2.3541915084024367e-07,2.689653797460778e-07,3.0251160865191196e-07,3.360578375577461e-07,3.696040380418708e-07,4.0315026694770495e-07,4.366964958535391e-07,4.702426963376638e-07,5.037889536652074e-07,5.373351541493321e-07,5.708813546334568e-07,6.044276119610004e-07,6.379738124451251e-07,6.715200697726686e-07,7.050662702567934e-07,7.386124707409181e-07,7.721587280684616e-07,8.057049285525864e-07,8.392511290367111e-07,8.727973863642546e-07,9.063435868483793e-07,9.398897873325041e-07,9.734360446600476e-07,1.0069823019875912e-06,1.040528445628297e-06,1.0740747029558406e-06]},"gradients/attention.attention_V.0.weight":{"_type":"histogram","values":[1,1,0,0,0,0,1,0,0,0,1,2,0,2,4,4,5,8,3,11,10,30,31,50,85,196,639,46911,770,173,75,45,32,17,10,7,7,3,1,4,2,1,4,0,1,0,0,0,3,0,0,1,0,0,0,0,0,0,0,0,0,0,0,1],"bins":[-1.599995016476896e-07,-1.5419155374729598e-07,-1.4838362005775707e-07,-1.4257568636821816e-07,-1.3676773846782453e-07,-1.309597905674309e-07,-1.25151856877892e-07,-1.1934392318835307e-07,-1.1353597528795945e-07,-1.0772803449299317e-07,-1.019200936980269e-07,-9.611215290306063e-08,-9.030421210809436e-08,-8.449627131312809e-08,-7.868833051816182e-08,-7.288038972319555e-08,-6.707244892822928e-08,-6.126450813326301e-08,-5.5456567338296736e-08,-4.9648626543330465e-08,-4.3840685748364194e-08,-3.8032744953397923e-08,-3.222480415843165e-08,-2.641686336346538e-08,-2.060892256849911e-08,-1.480098177353284e-08,-8.993040978566569e-09,-3.185100183600298e-09,2.622840611365973e-09,8.430781406332244e-09,1.4238722201298515e-08,2.0046662996264786e-08,2.5854603791231057e-08,3.166254458619733e-08,3.74704853811636e-08,4.327842617612987e-08,4.908636697109614e-08,5.489430776606241e-08,6.070224856102868e-08,6.651018935599495e-08,7.231813015096122e-08,7.81260709459275e-08,8.393401174089377e-08,8.974195253586004e-08,9.554989333082631e-08,1.0135783412579258e-07,1.0716577492075885e-07,1.1297371571572512e-07,1.1878165651069139e-07,1.2458960441108502e-07,1.3039753810062393e-07,1.3620547179016285e-07,1.4201341969055647e-07,1.478213675909501e-07,1.5362930128048902e-07,1.5943723497002793e-07,1.6524518287042156e-07,1.710531307708152e-07,1.768610644603541e-07,1.8266899814989301e-07,1.8847694605028664e-07,1.9428489395068027e-07,2.0009282764021918e-07,2.059007613297581e-07,2.1170870923015173e-07]},"epoch":49,"best/epoch":11,"gradients/attention.attention_U.0.weight":{"values":[1,0,0,0,1,0,0,0,0,0,0,0,0,1,1,1,0,1,0,3,2,3,1,6,2,8,6,10,11,14,24,29,44,70,165,357,827,45900,911,258,119,80,56,40,42,34,24,12,23,13,9,7,3,9,5,5,5,5,2,1,0,0,0,1],"bins":[-1.4095728317897738e-07,-1.3722484482059372e-07,-1.3349242067306477e-07,-1.297599823146811e-07,-1.2602755816715216e-07,-1.222951198087685e-07,-1.1856269566123956e-07,-1.1483026440828326e-07,-1.1109783315532695e-07,-1.0736539479694329e-07,-1.0363296354398699e-07,-9.990053229103069e-08,-9.616810103807438e-08,-9.243566978511808e-08,-8.870323853216178e-08,-8.497080727920547e-08,-8.123837602624917e-08,-7.750594477329287e-08,-7.377351352033656e-08,-7.004108226738026e-08,-6.630865101442396e-08,-6.257621976146766e-08,-5.8843784955797673e-08,-5.511135370284137e-08,-5.137892244988507e-08,-4.7646491196928764e-08,-4.391405994397246e-08,-4.018162869101616e-08,-3.6449193885346176e-08,-3.271676263238987e-08,-2.898433137943357e-08,-2.5251900126477267e-08,-2.1519461768093606e-08,-1.7787030515137303e-08,-1.405459837400258e-08,-1.0322166232867858e-08,-6.5897349799115545e-09,-2.8573032828660416e-09,8.751284141794713e-10,4.607560111224984e-09,8.339991808270497e-09,1.20724230612268e-08,1.5804854314183103e-08,1.9537287343496246e-08,2.326971859645255e-08,2.7002149849408852e-08,3.0734582878721994e-08,3.44670141316783e-08,3.81994453846346e-08,4.1931876637590904e-08,4.5664307890547207e-08,4.939673914350351e-08,5.312917039645981e-08,5.6861605202129795e-08,6.059403290237242e-08,6.432646415532872e-08,6.805889540828503e-08,7.179133376666869e-08,7.552376501962499e-08,7.925619627258129e-08,8.29886275255376e-08,8.67210587784939e-08,9.04534900314502e-08,9.41859212844065e-08,9.791835253736281e-08],"_type":"histogram"},"best/val_acc":100,"test/loss":0.43847384362268305,"gradients/attention.attention_V.0.bias":{"_type":"histogram","values":[2,0,1,1,1,2,0,0,1,0,2,0,4,4,6,3,4,3,13,5,17,9,9,11,10,17,17,19,16,22,17,19,13,18,14,12,7,13,10,13,8,8,3,8,2,5,1,2,1,0,6,1,3,0,0,0,0,0,0,0,0,0,0,1],