{"_step":49,"test/f1":0.5981292724609375,"train/loss":0.00015119064761329626,"best/val_auc":0.9314785003662109,"epoch":49,"gradients/attention.attention_weights.bias":{"values":[1,0,0,0,0,0,0,0,0,0,1,0,0,0,0,0,0,0,0,0,0,0,0,1,0,0,0,0,0,0,0,0,0,0,0,0,0,1,0,0,1,0,1,0,0,1,0,0,0,0,0,0,0,1,0,0,0,0,1,0,0,0,0,1],"bins":[-7.815970093361102e-13,-7.643885524544203e-13,-7.471800955727304e-13,-7.299716386910404e-13,-7.127631818093505e-13,-6.955547249276606e-13,-6.783462680459706e-13,-6.611378111642807e-13,-6.439293542825908e-13,-6.267208974009009e-13,-6.095124405192109e-13,-5.92303983637521e-13,-5.750955267558311e-13,-5.578870698741412e-13,-5.406786129924512e-13,-5.234701561107613e-13,-5.062616992290714e-13,-4.890532423473815e-13,-4.718447854656915e-13,-4.546363285840016e-13,-4.374278717023117e-13,-4.2021941482062175e-13,-4.030109579389318e-13,-3.858025010572419e-13,-3.6859404417555197e-13,-3.5138558729386205e-13,-3.341771304121721e-13,-3.169686735304822e-13,-2.9976021664879227e-13,-2.8255175976710234e-13,-2.653433028854124e-13,-2.481348460037225e-13,-2.3092638912203256e-13,-2.1371793224034263e-13,-1.965094753586527e-13,-1.7930101847696278e-13,-1.6209256159527285e-13,-1.4488410471358293e-13,-1.27675647831893e-13,-1.1046719095020308e-13,-9.325873406851315e-14,-7.605027718682322e-14,-5.88418203051333e-14,-4.163336342344337e-14,-2.4424906541753444e-14,-7.216449660063518e-15,9.992007221626409e-15,2.7200464103316335e-14,4.440892098500626e-14,6.161737786669619e-14,7.882583474838611e-14,9.603429163007604e-14,1.1324274851176597e-13,1.304512053934559e-13,1.4765966227514582e-13,1.6486811915683575e-13,1.8207657603852567e-13,1.992850329202156e-13,2.1649348980190553e-13,2.3370194668359545e-13,2.509104035652854e-13,2.681188604469753e-13,2.8532731732866523e-13,3.0253577421035516e-13,3.197442310920451e-13],"_type":"histogram"},"gradients/attention.attention_U.0.weight":{"bins":[-1.7097693216783227e-06,-1.6484267462146818e-06,-1.5870841707510408e-06,-1.5257415952873998e-06,-1.4643990198237589e-06,-1.4030563306732802e-06,-1.3417137552096392e-06,-1.2803711797459982e-06,-1.2190286042823573e-06,-1.1576860288187163e-06,-1.0963434533550753e-06,-1.0350008778914344e-06,-9.736581887409557e-07,-9.123156701207336e-07,-8.509730378136737e-07,-7.896304623500328e-07,-7.282878868863918e-07,-6.669453114227508e-07,-6.056027359591099e-07,-5.4426010365205e-07,-4.82917528188409e-07,-4.215749527247681e-07,-3.602323488394177e-07,-2.988897449540673e-07,-2.375471694904263e-07,-1.7620457981593063e-07,-1.1486199014143494e-07,-5.351940046693926e-08,7.823189207556425e-09,6.916577888205211e-08,1.305083685565478e-07,1.9185095823104348e-07,2.531933205318637e-07,3.145358959955047e-07,3.758784998808551e-07,4.372211037662055e-07,4.985636792298465e-07,5.599062546934874e-07,6.212488870005473e-07,6.825914624641882e-07,7.439340379278292e-07,8.052766133914702e-07,8.666191888551111e-07,9.27961821162171e-07,9.893044534692308e-07,1.0506470289328718e-06,1.1119896043965127e-06,1.1733321798601537e-06,1.2346747553237947e-06,1.2960173307874356e-06,1.3573599062510766e-06,1.4187024817147176e-06,1.4800450571783585e-06,1.5413877463288372e-06,1.6027303217924782e-06,1.6640728972561192e-06,1.7254154727197601e-06,1.7867580481834011e-06,1.848100623647042e-06,1.909443199110683e-06,1.9707858882611617e-06,2.032128350037965e-06,2.0934710391884437e-06,2.154813500965247e-06,2.2161561901157256e-06],"_type":"histogram","values":[1,0,0,0,0,0,0,1,0,0,0,2,3,0,2,4,5,4,5,7,10,20,25,44,75,146,423,42142,3984,943,455,268,177,113,74,42,44,29,26,17,11,17,5,6,3,5,2,4,1,2,0,0,0,2,1,0,0,0,0,0,1,0,0,1]},"gradients/classifier.fc.weight":{"bins":[-4.0170849388232455e-05,-3.89081469620578e-05,-3.7645440897904336e-05,-3.6382734833750874e-05,-3.512003240757622e-05,-3.385732998140156e-05,-3.25946239172481e-05,-3.133191785309464e-05,-3.0069215426919982e-05,-2.8806511181755923e-05,-2.7543806936591864e-05,-2.6281102691427805e-05,-2.5018398446263745e-05,-2.3755694201099686e-05,-2.2492989955935627e-05,-2.1230285710771568e-05,-1.996758146560751e-05,-1.870487722044345e-05,-1.744217297527939e-05,-1.6179468730115332e-05,-1.4916764484951273e-05,-1.3654060239787214e-05,-1.2391355994623154e-05,-1.1128651749459095e-05,-9.865947504295036e-06,-8.603243259130977e-06,-7.340539013966918e-06,-6.077834768802859e-06,-4.8151305236388e-06,-3.5524262784747407e-06,-2.2897220333106816e-06,-1.0270177881466225e-06,2.3568281903862953e-07,1.4983870642026886e-06,2.7610913093667477e-06,4.023795554530807e-06,5.286499799694866e-06,6.549204044858925e-06,7.811908290022984e-06,9.074612535187043e-06,1.0337316780351102e-05,1.1600021025515161e-05,1.286272527067922e-05,1.412542951584328e-05,1.538813376100734e-05,1.6650838006171398e-05,1.7913542251335457e-05,1.9176246496499516e-05,2.0438950741663575e-05,2.1701654986827634e-05,2.2964359231991693e-05,2.4227063477155752e-05,2.548976772231981e-05,2.675247196748387e-05,2.801517621264793e-05,2.927788045781199e-05,3.054058470297605e-05,3.180329076712951e-05,3.3065993193304166e-05,3.432869561947882e-05,3.5591401683632284e-05,3.685410774778575e-05,3.81168101739604e-05,3.937951260013506e-05,4.064221866428852e-05],"_type":"histogram","values":[2,1,0,0,1,0,0,0,0,0,1,1,0,2,2,1,3,5,3,4,4,4,5,2,9,11,14,15,27,33,62,4595,129,44,35,19,16,15,7,8,3,4,5,3,3,6,2,3,1,2,2,0,1,1,0,0,0,0,0,1,0,0,1,2]},"best/val_f1":0.8009569644927979,"test/auc":0.8542579412460327,"best/epoch":19,"gradients/classifier.fc.bias":{"values":[1,0,0,0,0,0,0,0,0,0,0,0,0,0,0,0,0,0,0,0,0,0,0,0,0,0,0,0,0,0,0,2,0,0,0,0,0,0,0,0,0,0,0,0,0,0,0,0,0,0,0,0,0,0,0,0,0,0,0,0,0,0,0,1],"bins":[-2.384185791015625e-06,-2.309242972842185e-06,-2.234299927295069e-06,-2.1593568817479536e-06,-2.0844140635745134e-06,-2.0094712454010732e-06,-1.9345281998539576e-06,-1.8595852679936797e-06,-1.7846423361334018e-06,-1.709699404273124e-06,-1.634756472412846e-06,-1.5598135405525682e-06,-1.4848706086922903e-06,-1.4099276768320124e-06,-1.3349847449717345e-06,-1.2600418131114566e-06,-1.1850988812511787e-06,-1.1101559493909008e-06,-1.0352130175306229e-06,-9.60270085670345e-07,-8.853271538100671e-07,-8.103842219497892e-07,-7.354412900895113e-07,-6.604983582292334e-07,-5.855554263689555e-07,-5.106124945086776e-07,-4.3566956264839973e-07,-3.6072663078812184e-07,-2.8578369892784394e-07,-2.1084076706756605e-07,-1.3589783520728815e-07,-6.095490334701026e-08,1.398825588694308e-08,8.893118774722097e-08,1.6387411960749887e-07,2.3881705146777676e-07,3.1375998332805466e-07,3.8870291518833255e-07,4.6364584704861045e-07,5.385887789088883e-07,6.135317107691662e-07,6.884746426294441e-07,7.63417574489722e-07,8.383605063499999e-07,9.133034382102778e-07,9.882463700705557e-07,1.0631893019308336e-06,1.1381322337911115e-06,1.2130751656513894e-06,1.2880180975116673e-06,1.3629610293719452e-06,1.437903961232223e-06,1.512846893092501e-06,1.5877898249527789e-06,1.6627327568130568e-06,1.7376756886733347e-06,1.8126186205336126e-06,1.8875615523938905e-06,1.9625044842541683e-06,2.0374473024276085e-06,2.112390347974724e-06,2.1873333935218398e-06,2.26227621169528e-06,2.33721902986872e-06,2.4121620754158357e-06],"_type":"histogram"},"gradients/attention.attention_weights.weight":{"_type":"histogram","values":[2,4,4,6,3,2,3,5,8,9,17,22,29,24,30,30,24,27,31,34,44,56,62,63,70,82,83,101,113,135,192,818,430,186,156,113,100,94,93,67,58,40,46,40,24,42,29,18,21,19,25,19,14,13,11,8,9,0,9,3,6,5,6,3],