{"val/acc":69.35483870967742,"best/epoch":24,"test/f1":0.5840906500816345,"gradients/attention.attention_V.0.bias":{"values":[2,0,0,0,0,0,0,1,1,1,1,0,1,2,4,1,7,10,3,7,6,4,10,12,8,6,13,18,27,23,30,25,26,14,12,15,10,11,14,8,7,9,7,1,7,1,2,0,4,3,0,2,0,3,0,3,1,0,0,0,0,0,0,1],"bins":[-5.73291108594276e-05,-5.5469128710683435e-05,-5.360914656193927e-05,-5.1749164413195103e-05,-4.988918226445094e-05,-4.802920011570677e-05,-4.6169217966962606e-05,-4.430923581821844e-05,-4.2449253669474274e-05,-4.058927152073011e-05,-3.872928937198594e-05,-3.6869307223241776e-05,-3.500932507449761e-05,-3.3149342925753444e-05,-3.128936077700928e-05,-2.942937680927571e-05,-2.7569394660531543e-05,-2.5709412511787377e-05,-2.384943036304321e-05,-2.1989448214299046e-05,-2.012946606555488e-05,-1.8269483916810714e-05,-1.6409501768066548e-05,-1.454951870982768e-05,-1.2689536561083514e-05,-1.0829554412339348e-05,-8.969572263595182e-06,-7.109589660103666e-06,-5.2496075113595e-06,-3.389625362615334e-06,-1.5296429864974925e-06,3.303392759335111e-07,2.1903215383645147e-06,4.050303687108681e-06,5.9102858358528465e-06,7.770267984597012e-06,9.630250133341178e-06,1.1490233191580046e-05,1.3350215340324212e-05,1.5210197489068378e-05,1.7070178728317842e-05,1.893016269605141e-05,2.0790144844795577e-05,2.2650126993539743e-05,2.451010914228391e-05,2.6370091291028075e-05,2.823007343977224e-05,3.0090055588516407e-05,3.1950039556249976e-05,3.381002170499414e-05,3.567000385373831e-05,3.7529986002482474e-05,3.938996815122664e-05,4.1249950299970806e-05,4.310993244871497e-05,4.496991459745914e-05,4.68298967462033e-05,4.868987889494747e-05,5.0549861043691635e-05,5.24098431924358e-05,5.426982534117997e-05,5.612980748992413e-05,5.79897896386683e-05,5.9849771787412465e-05,6.170975393615663e-05],"_type":"histogram"},"_runtime":374,"_wandb":{"runtime":374},"gradients/attention.attention_weights.bias":{"bins":[1.382431946694851e-09,1.3884573490940966e-09,1.3944827514933422e-09,1.4005081538925879e-09,1.4065335562918335e-09,1.4125589586910792e-09,1.4185843610903248e-09,1.4246097634895705e-09,1.4306351658888161e-09,1.4366605682880618e-09,1.4426859706873074e-09,1.448711373086553e-09,1.4547367754857987e-09,1.4607621778850444e-09,1.46678758028429e-09,1.4728129826835357e-09,1.4788383850827813e-09,1.484863787482027e-09,1.4908891898812726e-09,1.4969145922805183e-09,1.502939994679764e-09,1.5089653970790096e-09,1.5149907994782552e-09,1.5210162018775009e-09,1.5270416042767465e-09,1.5330670066759922e-09,1.5390924090752378e-09,1.5451178114744835e-09,1.5511432138737291e-09,1.5571686162729748e-09,1.5631940186722204e-09,1.569219421071466e-09,1.5752448234707117e-09,1.5812702258699574e-09,1.587295628269203e-09,1.5933210306684487e-09,1.5993464330676943e-09,1.60537183546694e-09,1.6113972378661856e-09,1.6174226402654313e-09,1.623448042664677e-09,1.6294734450639226e-09,1.6354988474631682e-09,1.6415242498624139e-09,1.6475496522616595e-09,1.6535750546609052e-09,1.6596004570601508e-09,1.6656258594593965e-09,1.671651261858642e-09,1.6776766642578878e-09,1.6837020666571334e-09,1.689727469056379e-09,1.6957528714556247e-09,1.7017782738548703e-09,1.707803676254116e-09,1.7138290786533616e-09,1.7198544810526073e-09,1.725879883451853e-09,1.7319052858510986e-09,1.7379306882503442e-09,1.7439560906495899e-09,1.7499814930488355e-09,1.7560068954480812e-09,1.7620322978473268e-09,1.7680577002465725e-09],"_type":"histogram","values":[1,0,0,0,0,0,0,0,0,0,0,0,0,0,0,0,0,0,0,0,0,0,0,0,0,0,0,0,0,0,0,0,0,0,0,0,0,0,0,0,0,0,0,0,0,0,0,0,0,0,0,0,0,0,0,0,0,0,0,0,0,0,0,1]},"test/acc":63.95348837209303,"val/auc":0.861106812953949,"test/loss":0.6948423043196631,"gradients/attention.attention_U.0.weight":{"bins":[-7.551650196546689e-05,-7.235631346702576e-05,-6.919612496858463e-05,-6.60359364701435e-05,-6.287574797170237e-05,-5.971555583528243e-05,-5.65553673368413e-05,-5.339517883840017e-05,-5.023499033995904e-05,-4.707480184151791e-05,-4.391461334307678e-05,-4.075442484463565e-05,-3.7594232708215714e-05,-3.4434044209774584e-05,-3.1273855711333454e-05,-2.8113667212892324e-05,-2.4953478714451194e-05,-2.1793290216010064e-05,-1.8633101717568934e-05,-1.54729114001384e-05,-1.231272290169727e-05,-9.15253440325614e-06,-5.992344995320309e-06,-2.832156042131828e-06,3.2803291105665267e-07,3.4882218642451335e-06,6.648410817433614e-06,9.808600225369446e-06,1.2968788723810576e-05,1.6128977222251706e-05,1.928916753968224e-05,2.244935603812337e-05,2.5609537260606885e-05,2.8769725759048015e-05,3.1929914257489145e-05,3.5090102755930275e-05,3.8250291254371405e-05,4.141048339079134e-05,4.457067188923247e-05,4.77308603876736e-05,5.089104888611473e-05,5.405123738455586e-05,5.721142588299699e-05,6.037161438143812e-05,6.353180651785806e-05,6.669199501629919e-05,6.985218351474032e-05,7.301237201318145e-05,7.617256051162258e-05,7.933274901006371e-05,8.249293750850484e-05,8.565312600694597e-05,8.88133145053871e-05,9.197350300382823e-05,9.513369150226936e-05,9.829388000071049e-05,0.00010145407577510923,0.00010461426427355036,0.00010777445277199149,0.00011093464127043262,0.00011409482976887375,0.00011725501826731488,0.00012041520676575601,0.00012357538798823953,0.00012673558376263827],"_type":"histogram","values":[5,0,3,1,3,3,6,5,14,14,31,32,48,68,100,155,254,374,582,896,1551,2626,5020,13645,8108,4089,2592,1773,1374,1088,874,680,561,479,378,316,256,212,167,147,129,99,70,52,37,52,43,25,18,18,18,14,12,10,6,3,3,2,4,4,1,0,1,1]},"lr":9.976003213255121e-09,"_timestamp":1.7643092755495949e+09,"epoch":49,"best/test_auc":0.8435916304588318,"gradients/attention.attention_weights.weight":{"_type":"histogram","values":[1,0,0,1,1,0,0,0,1,0,0,0,1,0,1,0,3,1,3,2,3,1,4,2,11,4,11,7,7,16,13,14,16,31,36,63,89,113,81,62,21,24,21,11,10,14,10,13,10,9,4,2,4,4,1,3,2,1,1,0,2,1,0,1],"bins":[-0.0019047032110393047,-0.0018539540469646454,-0.001803204882889986,-0.0017524558352306485,-0.0017017066711559892,-0.0016509575070813298,-0.0016002083430066705,-0.0015494591789320111,-0.0014987101312726736,-0.0014479609671980143,-0.001397211803123355,-0.0013464626390486956,-0.0012957134749740362,-0.0012449643108993769,-0.0011942152632400393,-0.00114346609916538,-0.0010927169350907207,-0.0010419677710160613,-0.000991218606941402,-0.0009404695010744035,-0.0008897203952074051,-0.0008389712311327457,-0.0007882220670580864,-0.000737472961191088,-0.0006867237971164286,-0.0006359746330417693,-0.0005852255271747708,-0.0005344763631001115,-0.0004837272281292826,-0.0004329780931584537,-0.00038222892908379436,-0.00033147979411296546,-0.00028073054272681475,-0.00022998140775598586,-0.00017923225823324174,-0.00012848310871049762,-7.773397373966873e-05,-2.6984831492882222e-05,2.3764310753904283e-05,7.451345300069079e-05,0.0001252625952474773,0.00017601173021830618,0.0002267608797410503,0.0002775100292637944,0.0003282591642346233,0.0003790082992054522,0.00042975746328011155,0.00048050659825094044,0.0005312557332217693,0.0005820048972964287,0.0006327540031634271,0.0006835031672380865,0.0007342522731050849,0.0007850014371797442,0.0008357506012544036,0.000886499707121402,0.0009372488711960614,0.0009879979770630598,0.0010387471411377192,0.0010894963052123785,0.0011402454692870378,0.0011909946333616972,0.0012417436810210347,0.001292492845095694,0.0013432420091703534]},"train/loss":0.4029511610144189,"test/auc":0.8473622798919678,"best/val_f1":0.6016144752502441,"best/val_acc":70.96774193548387,"gradients/attention.attention_U.0.bias":{"values":[1,0,0,0,1,0,1,1,0,0,3,2,2,1,5,2,6,11,4,9,7,9,11,27,34,29,28,17,24,14,11,9,11,10,9,7,11,5,9,8,7,7,4,2,5,2,1,3,2,1,2,2,0,0,2,0,3,0,1,0,0,0,0,1],