{"gradients/dimreduction.fc1.weight":{"values":[1,0,1,0,0,0,0,0,1,1,0,2,0,0,0,1,2,2,2,2,5,3,6,10,7,16,14,15,42,39,67,95,126,177,301,498,827,1477,3235,7797,21548,6806,2619,1368,752,421,263,185,124,93,60,40,29,11,11,12,9,8,5,4,6,2,2,2],"bins":[-1.9402042627334595,-1.8921984434127808,-1.8441925048828125,-1.7961866855621338,-1.7481807470321655,-1.7001749277114868,-1.6521689891815186,-1.6041631698608398,-1.5561573505401611,-1.5081514120101929,-1.4601455926895142,-1.412139654159546,-1.3641338348388672,-1.316127896308899,-1.2681220769882202,-1.220116138458252,-1.1721103191375732,-1.1241044998168945,-1.0760985612869263,-1.0280927419662476,-0.9800868034362793,-0.9320809841156006,-0.8840751051902771,-0.8360692262649536,-0.7880633473396301,-0.7400574684143066,-0.6920515894889832,-0.6440457105636597,-0.596039891242981,-0.5480340123176575,-0.500028133392334,-0.4520222544670105,-0.40401649475097656,-0.3560106158256531,-0.3080047369003296,-0.2599988877773285,-0.211993008852005,-0.16398712992668152,-0.11598126590251923,-0.06797539442777634,-0.019969522953033447,0.028036348521709442,0.07604221999645233,0.12404809147119522,0.1720539629459381,0.2200598418712616,0.2680656909942627,0.3160715699195862,0.36407744884490967,0.41208332777023315,0.46008920669555664,0.5080950856208801,0.5561009645462036,0.6041067838668823,0.6521126627922058,0.7001185417175293,0.7481244206428528,0.7961302995681763,0.8441361784934998,0.8921420574188232,0.940147876739502,0.9881537556648254,1.036159634590149,1.0841655731201172,1.132171392440796],"_type":"histogram"},"gradients/attention.attention_weights.weight":{"bins":[-0.1654309183359146,-0.1599062979221344,-0.154381662607193,-0.14885704219341278,-0.14333242177963257,-0.13780778646469116,-0.13228316605091095,-0.12675853073596954,-0.12123391032218933,-0.11570928245782852,-0.11018465459346771,-0.1046600341796875,-0.09913540631532669,-0.09361077845096588,-0.08808615803718567,-0.08256153017282486,-0.07703690230846405,-0.07151227444410324,-0.06598764657974243,-0.06046302616596222,-0.05493839830160141,-0.0494137704372406,-0.04388914629817009,-0.03836452215909958,-0.03283989429473877,-0.02731526829302311,-0.02179064229130745,-0.01626601628959179,-0.01074139028787613,-0.005216764286160469,0.00030786171555519104,0.005832487717270851,0.011357128620147705,0.016881754621863365,0.022406380623579025,0.027931006625294685,0.033455632627010345,0.038980260491371155,0.044504884630441666,0.050029508769512177,0.055554136633872986,0.061078764498233795,0.0666033923625946,0.07212801277637482,0.07765264064073563,0.08317726850509644,0.08870188891887665,0.09422651678323746,0.09975114464759827,0.10527577251195908,0.11080040037631989,0.1163250207901001,0.12184964865446091,0.12737427651882172,0.13289889693260193,0.13842353224754333,0.14394815266132355,0.14947277307510376,0.15499740839004517,0.16052202880382538,0.1660466492176056,0.171571284532547,0.1770959049463272,0.18262054026126862,0.18814516067504883],"_type":"histogram","values":[3,0,2,0,7,2,5,6,11,6,15,15,15,23,34,39,38,40,55,57,69,84,79,97,101,92,118,171,161,189,174,183,137,149,95,93,95,88,63,51,54,48,45,36,36,29,28,23,20,16,14,15,9,6,13,5,2,5,2,0,2,0,1,1]},"gradients/attention.attention_weights.bias":{"_type":"histogram","values":[1,0,0,0,0,0,0,0,0,1,0,0,0,0,0,0,0,0,0,0,0,0,0,1,1,0,0,0,0,0,0,0,0,0,1,0,1,0,0,0,0,0,0,0,0,0,0,0,0,0,1,0,0,0,0,0,0,0,0,0,0,0,0,1],"bins":[-1.6298145055770874e-08,-1.5696059563197196e-08,-1.5093974070623517e-08,-1.4491888578049839e-08,-1.388980308547616e-08,-1.3287717592902482e-08,-1.2685632100328803e-08,-1.2083546607755125e-08,-1.1481461115181446e-08,-1.0879375622607768e-08,-1.0277290130034089e-08,-9.67520463746041e-09,-9.073119144886732e-09,-8.471033652313054e-09,-7.868948159739375e-09,-7.266862667165697e-09,-6.664777174592018e-09,-6.06269168201834e-09,-5.460606189444661e-09,-4.858520696870983e-09,-4.256435204297304e-09,-3.6543497117236257e-09,-3.052264219149947e-09,-2.4501787265762687e-09,-1.8480932340025902e-09,-1.2460077414289117e-09,-6.439222488552332e-10,-4.18367562815547e-11,5.602487362921238e-10,1.1623342288658023e-09,1.7644197214394808e-09,2.3665052140131593e-09,2.9685907065868378e-09,3.5706761991605163e-09,4.172761691734195e-09,4.774847184307873e-09,5.376932676881552e-09,5.97901816945523e-09,6.581103662028909e-09,7.183189154602587e-09,7.785274647176266e-09,8.387360139749944e-09,8.989445632323623e-09,9.591531124897301e-09,1.019361661747098e-08,1.0795702110044658e-08,1.1397787602618337e-08,1.1999873095192015e-08,1.2601958587765694e-08,1.3204044080339372e-08,1.380612957291305e-08,1.4408215065486729e-08,1.5010300558060408e-08,1.5612386050634086e-08,1.6214471543207765e-08,1.6816557035781443e-08,1.741864252835512e-08,1.80207280209288e-08,1.862281351350248e-08,1.9224899006076157e-08,1.9826984498649836e-08,2.0429069991223514e-08,2.1031155483797193e-08,2.163324097637087e-08,2.223532646894455e-08]},"train/loss":0.4175357512332461,"best/test_auc":0.8448905348777771,"test/loss":0.6901282952336302,"gradients/classifier.fc.bias":{"bins":[-0.643197238445282,-0.6248300075531006,-0.6064627766609192,-0.588095486164093,-0.5697282552719116,-0.5513610243797302,-0.5329937934875488,-0.5146265625953674,-0.49625930190086365,-0.47789207100868225,-0.45952481031417847,-0.44115757942199707,-0.4227903485298157,-0.4044230878353119,-0.3860558569431305,-0.3676885962486267,-0.3493213653564453,-0.3309541344642639,-0.31258687376976013,-0.29421964287757874,-0.27585238218307495,-0.25748515129089355,-0.23911792039871216,-0.22075067460536957,-0.20238342881202698,-0.1840161830186844,-0.1656489372253418,-0.1472817063331604,-0.1289144605398178,-0.11054721474647522,-0.09217997640371323,-0.07381273806095123,-0.05544549226760864,-0.03707825019955635,-0.01871100813150406,-0.00034376606345176697,0.018023476004600525,0.03639071807265282,0.05475796014070511,0.0731251984834671,0.09149244427680969,0.10985969007015228,0.12822693586349487,0.14659416675567627,0.16496141254901886,0.18332865834236145,0.20169588923454285,0.22006313502788544,0.23843038082122803,0.2567976117134094,0.2751648724079132,0.2935321033000946,0.3118993639945984,0.3302665948867798,0.3486338257789612,0.36700108647346497,0.38536831736564636,0.40373554825782776,0.42210280895233154,0.44047003984451294,0.45883727073669434,0.4772045314311981,0.4955717623233795,0.5139390230178833,0.5323062539100647],"_type":"histogram","values":[1,0,0,0,0,0,0,0,0,0,0,0,0,0,0,0,0,0,0,0,0,0,0,0,0,0,0,0,0,0,0,0,0,0,0,0,0,0,0,0,0,1,0,0,0,0,0,0,0,0,0,0,0,0,0,0,0,0,0,0,0,0,0,1]},"test/f1":0.5741115808486938,"best/epoch":31,"_timestamp":1.7643474558389878e+09,"best/val_auc":0.8615323901176453,"_runtime":337,"val/f1":0.5322723388671875,"best/test_f1":0.5496951937675476,"gradients/classifier.fc.weight":{"bins":[-2.417506217956543,-2.3484716415405273,-2.2794368267059326,-2.210402011871338,-2.1413674354553223,-2.0723328590393066,-2.003298044204712,-1.9342633485794067,-1.8652286529541016,-1.7961939573287964,-1.7271592617034912,-1.658124566078186,-1.5890898704528809,-1.5200551748275757,-1.4510204792022705,-1.3819857835769653,-1.3129510879516602,-1.243916392326355,-1.1748816967010498,-1.1058470010757446,-1.0368123054504395,-0.9677776098251343,-0.8987429141998291,-0.8297082185745239,-0.7606735229492188,-0.6916388273239136,-0.6226041316986084,-0.5535694360733032,-0.48453474044799805,-0.41550004482269287,-0.3464653491973877,-0.2774306535720825,-0.20839619636535645,-0.13936150074005127,-0.0703268051147461,-0.001292109489440918,0.06774258613586426,0.13677728176116943,0.2058119773864746,0.2748466730117798,0.34388136863708496,0.41291606426239014,0.4819507598876953,0.5509854555130005,0.6200201511383057,0.6890548467636108,0.758089542388916,0.8271242380142212,0.8961589336395264,0.9651936292648315,1.0342283248901367,1.103263020515442,1.172297716140747,1.2413324117660522,1.3103671073913574,1.3794018030166626,1.4484364986419678,1.517471194267273,1.5865058898925781,1.6555405855178833,1.7245752811431885,1.7936099767684937,1.8626446723937988,1.931679368019104,2.000714063644409],"_type":"histogram",