{"gradients/classifier.fc.bias":{"values":[1,0,0,0,0,0,0,0,0,0,0,0,0,0,0,0,0,0,0,0,0,0,0,0,0,0,0,0,0,0,0,0,1,0,0,0,0,0,0,0,0,0,0,0,0,0,0,0,0,0,0,0,0,0,0,0,0,0,0,0,0,0,0,1],"bins":[-0.05022662878036499,-0.04866982251405716,-0.04711301624774933,-0.0455562099814415,-0.04399940371513367,-0.042442601174116135,-0.040885794907808304,-0.03932898864150047,-0.03777218237519264,-0.03621537610888481,-0.03465856984257698,-0.03310176357626915,-0.03154496103525162,-0.029988152906298637,-0.028431348502635956,-0.026874542236328125,-0.025317735970020294,-0.023760929703712463,-0.022204123437404633,-0.02064731903374195,-0.01909051276743412,-0.01753370650112629,-0.015976902097463608,-0.014420095831155777,-0.012863289564847946,-0.011306483298540115,-0.00974967796355486,-0.008192872628569603,-0.006636066362261772,-0.005079260561615229,-0.003522454760968685,-0.0019656489603221416,-0.0004088468849658966,0.001147958915680647,0.0027047647163271904,0.004261570516973734,0.005818376317620277,0.007375182118266821,0.008931987918913364,0.01048879325389862,0.012045599520206451,0.013602405786514282,0.015159211121499538,0.016716016456484795,0.018272822722792625,0.019829628989100456,0.021386433392763138,0.02294323965907097,0.0245000459253788,0.02605685219168663,0.02761365845799446,0.029170462861657143,0.030727269127964973,0.032284073531627655,0.033840879797935486,0.03539768606424332,0.03695449233055115,0.03851129859685898,0.04006810486316681,0.04162491112947464,0.04318171739578247,0.0447385199368,0.046295326203107834,0.047852132469415665,0.049408938735723495],"_type":"histogram"},"_wandb":{"runtime":322},"val/f1":0.573296070098877,"gradients/attention.attention_U.0.bias":{"_type":"histogram","values":[2,0,0,0,0,0,0,2,0,2,7,6,4,9,13,19,15,13,10,23,18,17,14,7,16,19,15,14,12,12,13,8,10,9,5,13,4,5,4,6,3,1,3,6,0,3,2,5,2,1,2,3,0,2,1,0,0,0,1,0,0,0,1,2],"bins":[-4.901220017927699e-05,-4.597807128448039e-05,-4.294393875170499e-05,-3.9909809856908396e-05,-3.6875677324132994e-05,-3.38415484293364e-05,-3.0807415896561e-05,-2.7773287001764402e-05,-2.4739156287978403e-05,-2.1705025574192405e-05,-1.8670894860406406e-05,-1.5636764146620408e-05,-1.2602634342329111e-05,-9.568503628543112e-06,-6.534373369504465e-06,-3.5002428830921417e-06,-4.6611239667981863e-07,2.5680180897325044e-06,5.6021485761448275e-06,8.636278835183475e-06,1.1670409548969474e-05,1.4704540262755472e-05,1.773867006704677e-05,2.0772800780832767e-05,2.3806931494618766e-05,2.6841062208404765e-05,2.9875192922190763e-05,3.290932363597676e-05,3.5943452530773357e-05,3.897758506354876e-05,4.2011713958345354e-05,4.5045846491120756e-05,4.8079971747938544e-05,5.111410064273514e-05,5.414823317551054e-05,5.7182362070307136e-05,6.021649460308254e-05,6.325062713585794e-05,6.628475239267573e-05,6.931888492545113e-05,7.235301745822653e-05,7.538714271504432e-05,7.842127524781972e-05,8.145540778059512e-05,8.448954031337053e-05,8.752366557018831e-05,9.055779810296372e-05,9.359193063573912e-05,9.66260558925569e-05,9.966018842533231e-05,0.00010269432095810771,0.00010572845349088311,0.0001087625787477009,0.0001117967112804763,0.0001148308438132517,0.0001178649763460271,0.0001208991016028449,0.0001239332341356203,0.0001269673666683957,0.0001300014992011711,0.0001330356317339465,0.00013606974971480668,0.00013910388224758208,0.00014213801478035748,0.00014517214731313288]},"test/acc":68.6046511627907,"_timestamp":1.764373354528908e+09,"best/val_f1":0.5849466919898987,"best/test_f1":0.6142544746398926,"best/val_auc":0.869320273399353,"best/val_acc":72.58064516129032,"gradients/classifier.fc.weight":{"bins":[-0.20176655054092407,-0.19551266729831696,-0.18925878405570984,-0.18300491571426392,-0.1767510324716568,-0.17049714922904968,-0.16424326598644257,-0.15798938274383545,-0.15173551440238953,-0.1454816311597824,-0.1392277479171753,-0.13297386467456818,-0.12671998143196106,-0.12046610563993454,-0.11421222239732742,-0.1079583466053009,-0.10170446336269379,-0.09545058012008667,-0.08919670432806015,-0.08294282108545303,-0.07668894529342651,-0.0704350620508194,-0.06418117880821228,-0.05792729929089546,-0.051673419773578644,-0.045419540256261826,-0.03916566073894501,-0.03291177749633789,-0.026657897979021072,-0.020404018461704254,-0.014150137081742287,-0.007896256633102894,-0.001642376184463501,0.004611504264175892,0.010865384712815285,0.017119266092777252,0.02337314561009407,0.02962702512741089,0.035880908370018005,0.042134787887334824,0.04838866740465164,0.05464254692196846,0.06089642643928528,0.0671503096818924,0.07340419292449951,0.07965806871652603,0.08591195195913315,0.09216582775115967,0.09841971099376678,0.1046735942363739,0.11092747002840042,0.11718135327100754,0.12343522906303406,0.12968911230564117,0.1359429955482483,0.1421968787908554,0.14845076203346252,0.15470463037490845,0.16095851361751556,0.16721239686012268,0.1734662801027298,0.17972016334533691,0.18597403168678284,0.19222791492938995,0.19848179817199707],"_type":"histogram","values":[5,2,9,6,4,5,8,0,2,19,11,8,26,19,38,35,21,46,27,23,36,49,20,25,43,79,52,99,90,126,93,200,1512,115,134,95,103,70,77,45,37,24,34,39,27,27,37,29,43,42,14,27,12,10,18,4,0,6,7,4,6,9,2,5]},"epoch":49,"gradients/dimreduction.fc1.weight":{"_type":"histogram","values":[1,0,0,3,1,0,2,1,3,6,5,10,7,6,7,9,11,29,38,46,66,119,148,260,405,667,1243,2546,5826,22451,8374,3209,1491,864,479,255,193,106,59,49,46,33,18,15,12,12,8,1,2,3,1,2,1,1,0,0,0,0,0,1,0,0,0,1],"bins":[-0.08878158777952194,-0.08578721433877945,-0.08279284089803696,-0.07979846000671387,-0.07680408656597137,-0.07380971312522888,-0.07081533968448639,-0.0678209662437439,-0.0648265928030014,-0.06183221563696861,-0.05883783847093582,-0.05584346503019333,-0.052849091589450836,-0.049854714423418045,-0.04686034098267555,-0.04386596381664276,-0.04087159037590027,-0.037877216935157776,-0.034882839769124985,-0.03188846632838249,-0.02889409102499485,-0.025899715721607208,-0.022905342280864716,-0.019910966977477074,-0.016916591674089432,-0.01392221637070179,-0.010927841998636723,-0.007933467626571655,-0.004939092323184013,-0.0019447174854576588,0.0010496573522686958,0.00404403218999505,0.007038407027721405,0.010032782331109047,0.013027156703174114,0.01602153107523918,0.019015906378626823,0.022010281682014465,0.025004655122756958,0.0279990304261446,0.030993405729532242,0.033987779170274734,0.036982156336307526,0.03997652977705002,0.04297090321779251,0.0459652803838253,0.048959653824567795,0.051954030990600586,0.05494840443134308,0.05794277787208557,0.06093715503811836,0.06393153220415115,0.06692590564489365,0.06992027908563614,0.07291465252637863,0.07590902596712112,0.07890340685844421,0.0818977802991867,0.0848921537399292,0.08788652718067169,0.09088090062141418,0.09387527406215668,0.09686965495347977,0.09986402839422226,0.10285840183496475]},"val/loss":0.6086240318836644,"_runtime":322,"val/acc":70.96774193548387,"test/f1":0.5899471640586853,"_step":49,"gradients/attention.attention_U.0.weight":{"_type":"histogram","values":[1,1,0,1,1,0,1,2,2,4,9,7,11,29,39,46,73,93,160,273,441,712,1439,2989,11256,8202,5665,4013,3133,2315,1772,1339,1152,893,676,511,430,311,243,213,151,111,93,72,52,39,47,22,24,15,17,14,8,7,7,3,1,1,1,0,5,1,1,2],