{"gradients/attention.attention_V.0.bias":{"values":[1,0,1,0,3,3,6,1,4,4,2,7,7,9,30,192,51,15,12,8,4,2,4,4,1,1,0,2,2,0,0,1,1,0,1,2,0,0,1,0,1,0,0,0,0,0,0,0,0,0,0,0,0,0,0,0,0,0,0,0,0,0,0,1],"bins":[-4.7521794499516545e-08,-4.450855328741454e-08,-4.149531207531254e-08,-3.848207086321054e-08,-3.5468829651108535e-08,-3.245558843900653e-08,-2.944234545054769e-08,-2.642910423844569e-08,-2.3415863026343686e-08,-2.0402621814241684e-08,-1.738938060213968e-08,-1.4376138501859259e-08,-1.1362897289757257e-08,-8.349656077655254e-09,-5.336414421464042e-09,-2.3231729873174345e-09,6.900684468291729e-10,3.7033098809757803e-09,6.716551315122388e-09,9.7297929713136e-09,1.2743034183415602e-08,1.5756276283696025e-08,1.8769517495798027e-08,2.178275870790003e-08,2.4795999920002032e-08,2.7809241132104034e-08,3.0822484120562876e-08,3.383572533266488e-08,3.684896654476688e-08,3.9862207756868884e-08,4.2875448968970886e-08,4.588869018107289e-08,4.890193139317489e-08,5.1915172605276894e-08,5.4928413817378896e-08,5.79416550294809e-08,6.09548962415829e-08,6.39681374536849e-08,6.69813786657869e-08,6.999461987788891e-08,7.300786108999091e-08,7.602110230209291e-08,7.903434351419492e-08,8.204758472629692e-08,8.506082593839892e-08,8.807406715050092e-08,9.108730836260293e-08,9.410054957470493e-08,9.711379789223429e-08,1.0012703910433629e-07,1.0314028031643829e-07,1.061535215285403e-07,1.091667627406423e-07,1.121800039527443e-07,1.151932451648463e-07,1.182064863769483e-07,1.212197275890503e-07,1.242329688011523e-07,1.272462100132543e-07,1.3025945122535632e-07,1.3327269243745832e-07,1.3628593364956032e-07,1.3929917486166232e-07,1.4231241607376433e-07,1.4532565728586633e-07],"_type":"histogram"},"best/test_f1":0.9506377577781677,"best/test_acc":95.34883720930233,"_wandb":{"runtime":258},"val/loss":0.07875234922187667,"train/loss":5.042758823436691e-05,"gradients/attention.attention_U.0.bias":{"bins":[-7.825903480807028e-08,-7.61569651785976e-08,-7.405489554912492e-08,-7.195282591965224e-08,-6.985075629017956e-08,-6.774868666070688e-08,-6.564662413666156e-08,-6.354455450718888e-08,-6.14424848777162e-08,-5.9340415248243517e-08,-5.7238345618770836e-08,-5.5136275989298156e-08,-5.3034206359825475e-08,-5.0932136730352795e-08,-4.8830070653593793e-08,-4.672800102412111e-08,-4.462593139464843e-08,-4.252386176517575e-08,-4.042179213570307e-08,-3.831972605894407e-08,-3.621765642947139e-08,-3.411558679999871e-08,-3.201351717052603e-08,-2.991144754105335e-08,-2.7809379687937508e-08,-2.5707310058464827e-08,-2.3605242205348986e-08,-2.1503172575876306e-08,-1.9401102946403626e-08,-1.7299035093287785e-08,-1.5196965463815104e-08,-1.3094896722520843e-08,-1.0992824428512904e-08,-8.890755687218643e-09,-6.788686501835173e-09,-4.686617316451702e-09,-2.5845485751574415e-09,-4.824796118185759e-10,1.6195893515202897e-09,3.7216583148591553e-09,5.823727278198021e-09,7.925796019492282e-09,1.0027864760786542e-08,1.2129934390259223e-08,1.4232003131553483e-08,1.6334071872847744e-08,1.8436141502320424e-08,2.0538209355436265e-08,2.2640278984908946e-08,2.4742348614381626e-08,2.6844416467497467e-08,2.8946486096970148e-08,3.104855395008599e-08,3.315062357955867e-08,3.525269320903135e-08,3.735476283850403e-08,3.945682891526303e-08,4.155889854473571e-08,4.366096817420839e-08,4.576303780368107e-08,4.786510743315375e-08,4.9967177062626433e-08,5.2069243139385435e-08,5.4171312768858115e-08,5.6273382398330796e-08],"_type":"histogram","values":[1,0,1,0,0,1,1,0,0,0,0,1,1,1,1,0,0,0,1,0,0,2,4,1,5,2,5,6,4,5,9,8,6,18,21,33,74,92,15,13,11,7,4,6,4,4,4,4,4,1,1,0,0,0,1,0,0,0,0,0,0,0,0,1]},"gradients/attention.attention_V.0.weight":{"_type":"histogram","values":[3,0,2,3,2,1,3,2,4,5,7,6,10,14,14,19,27,37,50,116,259,47629,523,127,86,48,35,31,17,11,7,10,8,15,4,4,2,1,3,2,1,1,0,2,0,0,0,0,0,0,0,0,0,0,0,0,0,0,0,0,0,0,0,1],"bins":[-9.74212639448524e-07,-9.29236364299868e-07,-8.84260089151212e-07,-8.39283814002556e-07,-7.943075388539e-07,-7.493312068618252e-07,-7.043549317131692e-07,-6.593786565645132e-07,-6.144023814158572e-07,-5.694261062672012e-07,-5.244498311185453e-07,-4.794735559698893e-07,-4.3449725239952386e-07,-3.8952097725086787e-07,-3.4454467368050246e-07,-2.9956839853184647e-07,-2.545921233831905e-07,-2.096158482345345e-07,-1.646395588750238e-07,-1.196632695155131e-07,-7.468699436685711e-08,-2.9710712112773763e-08,1.526557014130958e-08,6.024185239539293e-08,1.0521813464947627e-07,1.5019440979813226e-07,1.9517069915764296e-07,2.4014698851715366e-07,2.8512326366580965e-07,3.3009953881446563e-07,3.7507584238483105e-07,4.2005211753348703e-07,4.6502850636898074e-07,5.100047815176367e-07,5.549810566662927e-07,5.999573318149487e-07,6.449336069636047e-07,6.899099389556795e-07,7.348862141043355e-07,7.798624892529915e-07,8.248387644016475e-07,8.698150395503035e-07,9.147913146989595e-07,9.597675898476155e-07,1.0047439218396903e-06,1.0497201401449274e-06,1.0946964721370023e-06,1.1396726904422394e-06,1.1846490224343142e-06,1.229625354426389e-06,1.2746015727316262e-06,1.319577904723701e-06,1.3645541230289382e-06,1.409530455021013e-06,1.4545066733262502e-06,1.499483005318325e-06,1.5444593373103999e-06,1.589435555615637e-06,1.6344118876077118e-06,1.679388105912949e-06,1.7243644379050238e-06,1.769340656210261e-06,1.8143169882023358e-06,1.859293206507573e-06,1.9042695384996478e-06]},"val/acc":96.29629629629629,"gradients/classifier.fc.bias":{"bins":[-4.291534423828125e-06,-4.157803687121486e-06,-4.0240734051621985e-06,-3.89034266845556e-06,-3.7566121591225965e-06,-3.6228816497896332e-06,-3.48915114045667e-06,-3.3554206311237067e-06,-3.221689894417068e-06,-3.0879593850841047e-06,-2.9542288757511415e-06,-2.820498366418178e-06,-2.686767857085215e-06,-2.5530373477522517e-06,-2.419306611045613e-06,-2.2855761017126497e-06,-2.1518455923796864e-06,-2.018115083046723e-06,-1.8843844600269222e-06,-1.750653950693959e-06,-1.616923327674158e-06,-1.4831928183411947e-06,-1.3494623090082314e-06,-1.2157316859884304e-06,-1.0820011766554671e-06,-9.48270610479085e-07,-8.145400443027029e-07,-6.808095349697396e-07,-5.470789687933575e-07,-4.1334840261697536e-07,-2.7961786486230267e-07,-1.4588731289677526e-07,-1.2156760931247845e-08,1.2157379103427957e-07,2.55304342999807e-07,3.8903488075447967e-07,5.227654469308618e-07,6.564960131072439e-07,7.902265224402072e-07,9.239570886165893e-07,1.0576876547929714e-06,1.1914181641259347e-06,1.3251487871457357e-06,1.458879296478699e-06,1.5926098058116622e-06,1.7263404288314632e-06,1.8600709381644265e-06,1.9938015611842275e-06,2.1275320705171907e-06,2.261262579850154e-06,2.3949930891831173e-06,2.528723825889756e-06,2.6624543352227192e-06,2.7961848445556825e-06,2.9299153538886458e-06,3.063645863221609e-06,3.1973763725545723e-06,3.331107109261211e-06,3.4648376185941743e-06,3.5985681279271375e-06,3.732298637260101e-06,3.866029146593064e-06,3.999759883299703e-06,4.133490165258991e-06,4.267220901965629e-06],"_type":"histogram","values":[1,0,0,0,0,0,0,0,0,0,0,0,0,0,0,0,0,0,0,0,0,0,0,0,0,0,0,0,0,0,0,0,0,0,0,0,0,0,0,0,0,0,0,0,0,0,0,0,0,0,0,0,0,0,0,0,0,0,0,0,0,0,0,1]},"val/f1":0.9627586603164673,