{"_runtime":227,"_timestamp":1.7644640430010853e+09,"best/test_acc":96.89922480620154,"val/f1":0.9610389471054077,"val/auc":0.9886363744735718,"best/val_f1":0.9610389471054077,"val/loss":0.27515505057785555,"best/test_f1":0.9665282964706421,"_wandb":{"runtime":227},"best/epoch":26,"train/loss":5.367890639788565e-05,"gradients/dimreduction.fc1.weight":{"_type":"histogram","values":[1,0,0,0,0,0,1,0,1,1,0,0,1,1,3,1,0,0,2,3,3,5,8,7,8,14,15,18,35,30,51,58,130,202,323,642,1214,2863,7669,24803,6218,2370,1052,551,299,186,107,82,54,34,20,9,14,10,10,6,3,4,4,4,1,0,0,1],"bins":[-0.0021954274270683527,-0.002139708260074258,-0.002083989093080163,-0.002028269926086068,-0.0019725507590919733,-0.0019168317085132003,-0.0018611125415191054,-0.0018053934909403324,-0.0017496743239462376,-0.0016939551569521427,-0.0016382359899580479,-0.001582516822963953,-0.00152679777238518,-0.0014710786053910851,-0.0014153594383969903,-0.0013596402714028955,-0.0013039212208241224,-0.0012482020538300276,-0.0011924828868359327,-0.0011367637198418379,-0.001081044552847743,-0.00102532550226897,-0.0009696063352748752,-0.0009138871682807803,-0.0008581680012866855,-0.0008024488925002515,-0.0007467297255061567,-0.0006910106167197227,-0.0006352914497256279,-0.000579572340939194,-0.0005238531739450991,-0.0004681340360548347,-0.00041241489816457033,-0.00035669576027430594,-0.00030097662238404155,-0.00024525748449377716,-0.00018953833205159754,-0.00013381919416133314,-7.810004899511114e-05,-2.238090746686794e-05,3.333823406137526e-05,8.905737195163965e-05,0.00014477650984190404,0.00020049566228408366,0.0002562148147262633,0.0003119339526165277,0.00036765309050679207,0.00042337222839705646,0.00047909136628732085,0.0005348105332814157,0.0005905296420678496,0.0006462488090619445,0.0007019679178483784,0.0007576870848424733,0.0008134061936289072,0.000869125360623002,0.0009248445276170969,0.0009805636946111917,0.0010362827451899648,0.0010920019121840596,0.0011477210791781545,0.0012034402461722493,0.0012591592967510223,0.0013148784637451172,0.001370597630739212]},"val/acc":96.29629629629629,"test/loss":0.21589437982339846,"test/auc":0.9793367385864258,"gradients/classifier.fc.weight":{"_type":"histogram","values":[1,0,0,0,0,1,1,0,0,1,1,0,2,3,2,5,2,3,6,4,11,5,4,11,10,10,7,1,6,4,3,41,7,3,4,6,1,7,10,10,11,4,5,11,4,6,3,2,5,2,3,2,0,1,1,0,0,1,1,0,0,0,0,1],"bins":[-0.005278508644551039,-0.00511355372145772,-0.004948599264025688,-0.004783644340932369,-0.00461868941783905,-0.004453734494745731,-0.004288779571652412,-0.004123825114220381,-0.003958870191127062,-0.003793915268033743,-0.0036289605777710676,-0.0034640058875083923,-0.0032990509644150734,-0.0031340960413217545,-0.002969141351059079,-0.002804186660796404,-0.002639231737703085,-0.002474276814609766,-0.0023093221243470907,-0.0021443674340844154,-0.0019794125109910965,-0.0018144577043130994,-0.0016495028976351023,-0.0014845480909571052,-0.001319593284279108,-0.001154638477601111,-0.0009896836709231138,-0.0008247288642451167,-0.0006597740575671196,-0.0004948192508891225,-0.0003298644442111254,-0.00016490963753312826,4.470348358154297e-08,0.00016499951016157866,0.00032995431683957577,0.0004949091235175729,0.00065986393019557,0.0008248187368735671,0.0009897735435515642,0.0011547283502295613,0.0013196831569075584,0.0014846379635855556,0.0016495927702635527,0.0018145475769415498,0.001979502383619547,0.002144457306712866,0.002309411996975541,0.0024743666872382164,0.0026393216103315353,0.0028042765334248543,0.0029692312236875296,0.003134185913950205,0.003299140837043524,0.0034640957601368427,0.003629050450399518,0.0037940051406621933,0.003958960063755512,0.004123914986848831,0.00428886990994215,0.004453824367374182,0.004618779290467501,0.00478373421356082,0.004948688670992851,0.00511364359408617,0.005278598517179489]},"best/val_auc":0.9886363744735718,"best/val_acc":96.29629629629629,"lr":1e-10,"epoch":49,"gradients/classifier.fc.bias":{"values":[1,0,0,0,0,0,0,0,0,0,0,0,0,0,0,0,0,0,0,0,0,0,0,0,0,0,0,0,0,0,0,0,0,0,0,0,0,0,0,0,0,0,0,0,0,0,0,0,0,0,0,0,0,0,0,0,0,0,0,0,0,0,0,1],"bins":[-0.0005139708518981934,-0.000497909146361053,-0.00048184741172008216,-0.00046578567707911134,-0.0004497239424381405,-0.00043366223690100014,-0.0004176005022600293,-0.0004015387676190585,-0.00038547703297808766,-0.0003694153274409473,-0.00035335359279997647,-0.00033729185815900564,-0.00032123015262186527,-0.00030516841798089445,-0.0002891066833399236,-0.00027304497780278325,-0.0002569832431618124,-0.00024092152307275683,-0.000224859788431786,-0.0002087980683427304,-0.00019273633370175958,-0.00017667461361270398,-0.00016061289352364838,-0.00014455115888267756,-0.00012848943879362196,-0.00011242771142860875,-9.636598406359553e-05,-8.030426397453994e-05,-6.424253660952672e-05,-4.818080924451351e-05,-3.211908551747911e-05,-1.60573599714553e-05,4.3655745685100555e-09,1.606609112059232e-05,3.212781666661613e-05,4.818954039365053e-05,6.425126775866374e-05,8.031299512367696e-05,9.637471521273255e-05,0.00011243644257774577,0.00012849816994275898,0.00014455989003181458,0.0001606216246727854,0.000176683344761841,0.0001927450648508966,0.00020880679949186742,0.00022486851958092302,0.00024093025422189385,0.00025699197431094944,0.00027305370895192027,0.00028911541448906064,0.00030517714913003147,0.0003212388837710023,0.00033730058930814266,0.0003533623239491135,0.0003694240585900843,0.0003854857641272247,0.0004015474987681955,0.00041760923340916634,0.00043367096805013716,0.00044973267358727753,0.00046579440822824836,0.0004818561428692192,0.00049791787751019,0.0005139795830473304],"_type":"histogram"},"_step":49,"test/f1":0.9665282964706421,"test/acc":96.89922480620154,"best/test_auc":0.9783163070678711}