{"best/val_f1":1,"_step":49,"_timestamp":1.7643108231141696e+09,"test/acc":94.57364341085271,"_wandb":{"runtime":232},"gradients/classifier.fc.bias":{"values":[1,0,0,0,0,0,0,0,0,0,0,0,0,0,0,0,0,0,0,0,0,0,0,0,0,0,0,0,0,0,0,0,0,0,0,0,0,0,0,0,0,0,0,0,0,0,0,0,0,0,0,0,0,0,0,0,0,0,0,0,0,0,0,1],"bins":[-1.1920928955078125e-07,-1.1563663093738796e-07,-1.1206397232399468e-07,-1.0849131371060139e-07,-1.049186550972081e-07,-1.0134599648381482e-07,-9.777333787042153e-08,-9.420067925702824e-08,-9.062802064363495e-08,-8.705536203024167e-08,-8.348270341684838e-08,-7.99100448034551e-08,-7.633738619006181e-08,-7.276472757666852e-08,-6.919206896327523e-08,-6.561941034988195e-08,-6.204675173648866e-08,-5.847409667580905e-08,-5.4901438062415764e-08,-5.132877944902248e-08,-4.775612083562919e-08,-4.41834622222359e-08,-4.0610803608842616e-08,-3.703814499544933e-08,-3.346548993476972e-08,-2.9892831321376434e-08,-2.6320170931626308e-08,-2.274751231823302e-08,-1.9174855481196573e-08,-1.5602196867803286e-08,-1.202953825441e-08,-8.456879641016712e-09,-4.8842210276234255e-09,-1.3115626362747435e-09,2.2610957550739386e-09,5.833753924378016e-09,9.406412537771303e-09,1.297907115116459e-08,1.6551728876379457e-08,2.0124387489772744e-08,2.369704610316603e-08,2.7269704716559318e-08,3.0842361553595765e-08,3.441502016698905e-08,3.798767878038234e-08,4.1560337393775626e-08,4.513299600716891e-08,4.87056546205622e-08,5.227831323395549e-08,5.5850971847348774e-08,5.942363046074206e-08,6.299628552142167e-08,6.656894413481496e-08,7.014160274820824e-08,7.371426136160153e-08,7.728691997499482e-08,8.08595785883881e-08,8.443223720178139e-08,8.800489581517468e-08,9.157755442856796e-08,9.515021304196125e-08,9.872287165535454e-08,1.0229553026874783e-07,1.0586818888214111e-07,1.094408474955344e-07],"_type":"histogram"},"test/loss":0.426742546835439,"gradients/attention.attention_V.0.weight":{"bins":[-1.0381403825476809e-07,-1.0090642632576419e-07,-9.799882150218764e-08,-9.509120957318373e-08,-9.218359764417983e-08,-8.927598571517592e-08,-8.636837378617201e-08,-8.346076896259547e-08,-8.055315703359156e-08,-7.764554510458765e-08,-7.47379402810111e-08,-7.18303283520072e-08,-6.89227164230033e-08,-6.601510449399939e-08,-6.310749256499548e-08,-6.019988774141893e-08,-5.729227581241503e-08,-5.438466388341112e-08,-5.1477055507120895e-08,-4.856944713083067e-08,-4.566183520182676e-08,-4.2754223272822856e-08,-3.984661489653263e-08,-3.69390065202424e-08,-3.4031394591238495e-08,-3.112378266223459e-08,-2.8216174285944362e-08,-2.5308564133297295e-08,-2.240095398065023e-08,-1.9493343828003162e-08,-1.6585733675356096e-08,-1.367812352270903e-08,-1.077052047548932e-08,-7.862910322842254e-09,-4.955300170195187e-09,-2.0476900175481205e-09,8.59920135098946e-10,3.767530287746013e-09,6.675140440393079e-09,9.582750593040146e-09,1.2490360745687212e-08,1.539797089833428e-08,1.8305581050981345e-08,2.1213191203628412e-08,2.412080135627548e-08,2.7028411508922545e-08,2.993602166156961e-08,3.284363003785984e-08,3.5751241966863745e-08,3.865885389586765e-08,4.156646227215788e-08,4.4474070648448105e-08,4.738168257745201e-08,5.028929450645592e-08,5.3196902882746144e-08,5.610451125903637e-08,5.901212318804028e-08,6.191973511704418e-08,6.482734704604809e-08,6.773495186962464e-08,7.064256379862854e-08,7.355017572763245e-08,7.6457780551209e-08,7.93653924802129e-08,8.227300440921681e-08],"_type":"histogram","values":[2,0,0,1,0,1,0,1,0,0,1,1,0,1,0,0,1,4,2,1,2,4,5,7,3,5,16,19,22,30,43,67,123,222,496,46447,897,272,153,74,61,44,28,18,17,9,15,7,4,3,5,6,2,1,3,0,1,2,1,0,0,1,0,1]},"val/auc":0.9945054054260254,"gradients/classifier.fc.weight":{"_type":"histogram","values":[1,0,0,0,0,0,0,2,2,2,1,0,1,3,1,1,2,2,3,3,3,4,3,6,2,7,1,1,1,6,5,5,17,862,10,7,6,2,1,2,5,4,6,4,3,3,3,4,3,1,1,3,1,0,1,2,2,2,0,0,0,0,0,1],"bins":[-2.3525315100414446e-06,-2.2820270260126563e-06,-2.211522541983868e-06,-2.1410180579550797e-06,-2.0705135739262914e-06,-2.000009089897503e-06,-1.929504605868715e-06,-1.8590000081530889e-06,-1.7884955241243006e-06,-1.7179910400955123e-06,-1.647486556066724e-06,-1.5769820720379357e-06,-1.5064774743223097e-06,-1.4359729902935214e-06,-1.3654685062647332e-06,-1.2949640222359449e-06,-1.2244595382071566e-06,-1.1539550541783683e-06,-1.08345057014958e-06,-1.0129460861207917e-06,-9.424415452485846e-07,-8.719370612197963e-07,-8.014325203475892e-07,-7.309280363188009e-07,-6.604235522900126e-07,-5.899190682612243e-07,-5.19414584232436e-07,-4.489100433602289e-07,-3.784055593314406e-07,-3.079010753026523e-07,-2.373965628521546e-07,-1.668920646125116e-07,-9.638733899919316e-08,-2.5882840759550163e-08,4.4621657480092836e-08,1.1512615571973583e-07,1.8563065395937883e-07,2.561351379881671e-07,3.2663965043866483e-07,3.9714416288916254e-07,4.6764864691795083e-07,5.381531309467391e-07,6.086576149755274e-07,6.791621558477345e-07,7.496666398765228e-07,8.201711239053111e-07,8.906756647775183e-07,9.611801488063065e-07,1.0316846328350948e-06,1.102189116863883e-06,1.1726936008926714e-06,1.2431980849214597e-06,1.313702568950248e-06,1.384207166665874e-06,1.4547116506946622e-06,1.5252161347234505e-06,1.5957206187522388e-06,1.666225102781027e-06,1.7367295868098154e-06,1.8072340708386037e-06,1.8777386685542297e-06,1.948243152583018e-06,2.0187476366118062e-06,2.0892521206405945e-06,2.159756604669383e-06]},"best/epoch":8,"best/test_f1":0.9183544516563416,"val/f1":0.9258241653442383,"epoch":49,"val/loss":0.3997955887463255,"gradients/attention.attention_U.0.bias":{"bins":[-1.0027623176256384e-09,-9.699351322112193e-10,-9.371078357744977e-10,-9.042805948489274e-10,-8.714533539233571e-10,-8.386261129977868e-10,-8.057988720722165e-10,-7.729716311466461e-10,-7.401443902210758e-10,-7.073172048066567e-10,-6.744899638810864e-10,-6.416627229555161e-10,-6.088354820299458e-10,-5.760082411043754e-10,-5.431810001788051e-10,-5.103537592532348e-10,-4.775265183276645e-10,-4.4469927740209414e-10,-4.118720364765238e-10,-3.790447955509535e-10,-3.4621755462538317e-10,-3.1339034145538847e-10,-2.8056310052981814e-10,-2.477358596042478e-10,-2.149086186786775e-10,-1.8208137775310718e-10,-1.4925413682753685e-10,-1.1642690977975434e-10,-8.359966885418402e-11,-5.0772431398060647e-11,-1.7945193941937276e-11,1.4882043514186094e-11,4.7709280970309464e-11,8.053652189587979e-11,1.133637558825562e-10,1.4619098986923262e-10,1.7901823079480295e-10,2.1184547172037327e-10,2.446726987681558e-10,2.774999396937261e-10,3.1032718061929643e-10,3.4315442154486675e-10,3.7598166247043707e-10,4.088089033960074e-10,4.416361165660021e-10,4.744633574915724e-10,5.072905984171427e-10,5.401178393427131e-10,5.729450802682834e-10,6.057723211938537e-10,6.38599562119424e-10,6.714268030449944e-10,7.042540439705647e-10,7.37081284896135e-10,7.699085258217053e-10,8.027357667472756e-10,8.355629521616947e-10,8.683901930872651e-10,9.012174340128354e-10,9.34044730449557e-10,9.66871915863976e-10,9.996992123006976e-10,1.0325263977151167e-09,1.0653536941518382e-09,1.0981808795662573e-09],"_type":"histogram","values":[1,0,0,0,0,0,0,0,0,3,3,1,2,1,3,2,3,3,2,4,7,4,7,8,9,13,13,17,26,49,42,43,26,14,13,8,14,5,7,6,4,5,5,1,2,3,0,0,1,0,0,1,0,1,0,1,0,0,0,0,0,0,0,1]},"gradients/attention.attention_weights.bias":{"_type":"histogram","values":[1,0,0,0,0,0,0,0,0,0,0,0,0,0,0,0,0,0,0,0,0,0,0,0,0,0,0,0,0,0,0,0,0,0,0,0,0,0,0,0,1,0,0,0,0,0,0,0,0,0,1,0,0,0,0,0,0,0,0,0,0,0,0,1],