{"gradients/attention.attention_U.0.weight":{"_type":"histogram","values":[1,0,1,1,5,2,5,8,20,21,24,48,69,131,167,250,380,626,1157,3017,11012,6967,5241,4104,3200,2441,2024,1533,1215,1013,850,673,553,440,388,299,224,184,149,136,117,65,76,81,38,41,30,26,15,19,13,14,10,8,4,4,4,4,2,0,0,1,0,1],"bins":[-0.0018994788406416774,-0.0018059597350656986,-0.0017124406294897199,-0.0016189215239137411,-0.0015254023019224405,-0.0014318831963464618,-0.001338364090770483,-0.0012448449851945043,-0.0011513258796185255,-0.0010578067740425467,-0.000964287668466568,-0.0008707685046829283,-0.0007772493991069496,-0.0006837302935309708,-0.0005902111297473311,-0.0004966920241713524,-0.00040317291859537363,-0.0003096538130193949,-0.00021613467833958566,-0.00012261555821169168,-2.9096438083797693e-05,6.442268204409629e-05,0.00015794180217199028,0.0002514609368517995,0.00034498004242777824,0.000438499148003757,0.0005320182535797358,0.0006255374173633754,0.0007190565229393542,0.0008125756285153329,0.0009060947922989726,0.0009996138978749514,0.0010931328870356083,0.001186651992611587,0.0012801710981875658,0.0013736902037635446,0.0014672093093395233,0.001560728531330824,0.0016542476369068027,0.0017477667424827814,0.0018412858480587602,0.001934804953634739,0.0020283241756260395,0.0021218431647866964,0.002215362386777997,0.002308881375938654,0.0024024005979299545,0.0024959195870906115,0.002589438809081912,0.0026829580310732126,0.0027764770202338696,0.00286999624222517,0.002963515231385827,0.0030570344533771276,0.0031505534425377846,0.003244072664529085,0.0033375918865203857,0.0034311108756810427,0.0035246300976723433,0.003618149086833,0.0037116683088243008,0.0038051872979849577,0.0038987065199762583,0.003992225509136915,0.004085744731128216]},"test/f1":0.5480051636695862,"_timestamp":1.7643626471174612e+09,"gradients/attention.attention_weights.weight":{"values":[1,0,0,0,1,0,0,2,1,1,3,2,4,5,8,11,14,12,22,18,25,14,11,15,24,25,44,34,38,48,73,79,119,143,190,223,219,194,117,99,77,47,50,37,37,17,32,17,27,17,19,21,9,8,10,13,6,5,6,3,4,1,1,1],"bins":[-0.06790970265865326,-0.06600315123796463,-0.064096599817276,-0.06219004839658737,-0.06028350070118904,-0.05837694928050041,-0.05647039785981178,-0.054563846439123154,-0.052657295018434525,-0.050750743597745895,-0.048844195902347565,-0.046937644481658936,-0.045031093060970306,-0.04312454164028168,-0.04121799021959305,-0.03931143879890442,-0.03740488737821579,-0.03549833968281746,-0.03359178826212883,-0.0316852368414402,-0.02977868542075157,-0.027872135862708092,-0.025965584442019463,-0.024059033021330833,-0.022152483463287354,-0.020245932042598724,-0.018339380621910095,-0.016432829201221466,-0.014526279643177986,-0.012619728222489357,-0.010713177733123302,-0.008806626312434673,-0.006900075823068619,-0.004993524868041277,-0.0030869741458445787,-0.0011804233072325587,0.0007261275313794613,0.002632678486406803,0.004539228975772858,0.0064457799308001995,0.008352330885827541,0.010258881375193596,0.012165432795882225,0.01407198328524828,0.015978533774614334,0.017885085195302963,0.019791636615991592,0.021698186174035072,0.0236047375947237,0.02551128901541233,0.02741783857345581,0.02932438999414444,0.03123094141483307,0.0331374928355217,0.03504404425621033,0.03695059195160866,0.03885714337229729,0.040763694792985916,0.042670246213674545,0.044576797634363174,0.046483349055051804,0.048389896750450134,0.05029644817113876,0.05220299959182739,0.05410955101251602],"_type":"histogram"},"val/auc":0.8495588302612305,"best/test_auc":0.843082070350647,"_runtime":345,"best/val_f1":0.5666666626930237,"gradients/classifier.fc.weight":{"values":[1,1,1,0,3,2,2,2,5,11,7,12,12,12,20,17,23,18,13,19,27,39,42,25,33,36,42,32,54,51,50,51,32,36,313,312,224,141,72,60,37,47,48,24,48,43,30,19,15,24,25,21,13,13,13,11,8,2,2,2,3,1,1,1],"bins":[-0.5755568146705627,-0.5588067173957825,-0.5420566201210022,-0.5253065228462219,-0.5085564255714417,-0.491806298494339,-0.4750562012195587,-0.45830610394477844,-0.44155600666999817,-0.4248059093952179,-0.4080558121204376,-0.39130571484565735,-0.3745555877685547,-0.3578054904937744,-0.34105539321899414,-0.32430529594421387,-0.3075551986694336,-0.2908051013946533,-0.27405500411987305,-0.2573049068450928,-0.2405547946691513,-0.22380469739437103,-0.20705458521842957,-0.1903044879436493,-0.17355439066886902,-0.15680429339408875,-0.14005419611930847,-0.123304083943367,-0.10655398666858673,-0.08980388939380646,-0.07305378466844559,-0.056303683668375015,-0.03955352306365967,-0.022803422063589096,-0.006053321063518524,0.010696779936552048,0.02744688093662262,0.04419698193669319,0.06094708293676376,0.07769718766212463,0.09444728493690491,0.11119738221168518,0.12794747948646545,0.14469759166240692,0.1614476889371872,0.17819778621196747,0.19494789838790894,0.2116979956626892,0.22844809293746948,0.24519819021224976,0.26194828748703003,0.2786983847618103,0.2954484820365906,0.31219860911369324,0.3289487063884735,0.3456988036632538,0.36244890093803406,0.37919899821281433,0.3959490954875946,0.4126991927623749,0.42944931983947754,0.4461994171142578,0.4629495143890381,0.47969961166381836,0.49644970893859863],"_type":"histogram"},"val/loss":0.6390238382868589,"best/val_auc":0.8375414609909058,"test/auc":0.8511414527893066,"gradients/attention.attention_U.0.bias":{"bins":[-0.00028874340932816267,-0.0002625581983011216,-0.0002363729727221653,-0.0002101877616951242,-0.0001840025361161679,-0.00015781732508912683,-0.00013163211406208575,-0.00010544689575908706,-7.926167745608836e-05,-5.307645915308967e-05,-2.6891244488069788e-05,-7.060280040604994e-07,2.547918847994879e-05,5.166440678294748e-05,7.784961780998856e-05,0.00010403483611298725,0.00013022005441598594,0.00015640526544302702,0.00018259049102198333,0.0002087757020490244,0.0002349609276279807,0.0002611461386550218,0.00028733134968206286,0.00031351656070910394,0.000339701771736145,0.00036588701186701655,0.00039207222289405763,0.0004182574339210987,0.0004444426449481398,0.00047062785597518086,0.0004968130961060524,0.000522998278029263,0.0005491835181601346,0.0005753687582910061,0.0006015539402142167,0.0006277391803450882,0.0006539243622682989,0.0006801096023991704,0.0007062948425300419,0.0007324800244532526,0.0007586652645841241,0.0007848504465073347,0.0008110356866382062,0.0008372209267690778,0.0008634061086922884,0.0008895913488231599,0.0009157765307463706,0.0009419617708772421,0.0009681469528004527,0.0009943322511389852,0.0010205174330621958,0.0010467026149854064,0.001072887796908617,0.0010990730952471495,0.00112525827717036,0.0011514434590935707,0.0011776287574321032,0.0012038139393553138,0.0012299991212785244,0.0012561844196170568,0.0012823696015402675,0.001308554783463478,0.0013347399653866887,0.0013609252637252212,0.0013871104456484318],"_type":"histogram","values":[2,0,0,0,3,2,3,5,6,12,12,14,19,14,12,19,8,19,12,20,11,16,15,15,9,8,11,8,5,7,7,10,11,10,7,4,3,5,6,3,2,3,2,0,3,2,4,0,0,3,4,1,1,2,0,0,0,0,1,0,0,2,0,1]},"gradients/attention.attention_weights.bias":{"_type":"histogram","values":[1,0,0,0,0,0,0,0,0,0,0,0,0,0,0,0,0,0,0,0,0,0,0,0,0,0,0,0,0,0,0,0,0,0,0,1,0,0,0,0,0,0,0,0,1,0,0,0,0,0,0,0,0,0,0,0,0,1,0,1,0,0,0,1],