{"test/f1":0.5173807740211487,"best/val_acc":72.58064516129032,"_timestamp":1.764309727120019e+09,"gradients/classifier.fc.weight":{"_type":"histogram","values":[5,2,2,3,2,1,2,1,5,2,8,4,5,2,5,9,11,14,10,20,13,24,18,30,13,23,38,29,18,35,21,18,31,29,24,13,85,126,144,143,94,77,47,58,46,29,40,21,24,24,15,15,11,5,5,6,7,6,3,0,3,4,2,6],"bins":[-2.4748237133026123,-2.407089948654175,-2.3393564224243164,-2.271622657775879,-2.2038891315460205,-2.136155366897583,-2.0684218406677246,-2.000688076019287,-1.9329545497894287,-1.8652207851409912,-1.7974871397018433,-1.7297534942626953,-1.6620198488235474,-1.5942862033843994,-1.5265525579452515,-1.4588189125061035,-1.3910852670669556,-1.3233516216278076,-1.2556179761886597,-1.1878843307495117,-1.1201506853103638,-1.0524170398712158,-0.9846833348274231,-0.9169496893882751,-0.8492160439491272,-0.7814823985099792,-0.7137487530708313,-0.6460151076316833,-0.5782814025878906,-0.5105477571487427,-0.4428141117095947,-0.3750804662704468,-0.3073467016220093,-0.23961305618286133,-0.17187939584255219,-0.10414574295282364,-0.03641209006309509,0.03132156282663345,0.099055215716362,0.16678887605667114,0.2345225214958191,0.30225616693496704,0.369989812374115,0.4377234876155853,0.5054571628570557,0.5731908082962036,0.6409244537353516,0.7086580991744995,0.7763917446136475,0.8441253900527954,0.9118590354919434,0.9795926809310913,1.0473263263702393,1.1150599718093872,1.1827936172485352,1.250527262687683,1.318260908126831,1.3859946727752686,1.4537283182144165,1.5214619636535645,1.5891956090927124,1.6569292545318604,1.7246628999710083,1.7923965454101562,1.8601301908493042]},"val/acc":69.35483870967742,"best/test_acc":65.11627906976744,"_step":49,"best/test_auc":0.8369146585464478,"train/loss":0.41712560754444133,"best/val_f1":0.6139543056488037,"val/loss":0.626618510052081,"gradients/attention.attention_weights.weight":{"values":[1,0,0,0,0,1,1,2,4,2,4,5,1,1,3,8,10,12,11,11,9,15,19,23,20,21,25,21,20,29,37,70,112,184,237,152,78,52,44,34,25,24,22,23,20,20,22,7,15,14,11,11,10,9,2,3,4,2,3,5,1,3,0,1],"bins":[-0.22598609328269958,-0.21938563883304596,-0.21278518438339233,-0.2061847448348999,-0.19958429038524628,-0.19298383593559265,-0.18638338148593903,-0.1797829270362854,-0.17318248748779297,-0.16658203303813934,-0.15998157858848572,-0.1533811241388321,-0.14678066968917847,-0.14018021523952484,-0.1335797756910324,-0.12697932124137878,-0.12037886679172516,-0.11377841234207153,-0.1071779653429985,-0.10057751089334488,-0.09397706389427185,-0.08737660944461823,-0.0807761549949646,-0.07417570799589157,-0.06757525354623795,-0.06097480282187462,-0.05437435209751129,-0.047773897647857666,-0.04117344692349434,-0.03457299619913101,-0.027972543612122536,-0.02137209102511406,-0.014771655201911926,-0.008171203546226025,-0.001570751890540123,0.005029699765145779,0.01163015142083168,0.018230602145195007,0.024831054732203484,0.03143150731921196,0.03803195804357529,0.044632408767938614,0.05123285949230194,0.057833313941955566,0.06443376839160919,0.07103421539068222,0.07763466984033585,0.08423511683940887,0.0908355712890625,0.09743602573871613,0.10403647273778915,0.11063692718744278,0.11723737418651581,0.12383782863616943,0.13043828308582306,0.13703873753547668,0.14363917708396912,0.15023963153362274,0.15684008598327637,0.16344054043293,0.17004099488258362,0.17664144933223724,0.18324188888072968,0.1898423433303833,0.19644279778003693],"_type":"histogram"},"gradients/attention.attention_U.0.bias":{"bins":[-0.004640561994165182,-0.00455366401001811,-0.004466766491532326,-0.004379868507385254,-0.004292970988899469,-0.0042060730047523975,-0.004119175486266613,-0.004032277502119541,-0.003945379517972469,-0.003858481999486685,-0.0037715842481702566,-0.0036846864968538284,-0.0035977885127067566,-0.0035108907613903284,-0.0034239930100739002,-0.003337095258757472,-0.003250197507441044,-0.0031632997561246157,-0.0030764020048081875,-0.0029895042534917593,-0.002902606502175331,-0.0028157085180282593,-0.002728810766711831,-0.002641913015395403,-0.0025550152640789747,-0.0024681175127625465,-0.0023812197614461184,-0.00229432201012969,-0.0022074240259826183,-0.00212052627466619,-0.002033628523349762,-0.0019467307720333338,-0.0018598331371322274,-0.0017729353858157992,-0.0016860375180840492,-0.001599139766767621,-0.0015122420154511929,-0.0014253442641347647,-0.0013384465128183365,-0.0012515486450865865,-0.0011646508937701583,-0.00107775314245373,-0.00099085527472198,-0.0009039575234055519,-0.0008170597720891237,-0.0007301620207726955,-0.0006432642112486064,-0.0005563664017245173,-0.00046946865040808916,-0.0003825708699878305,-0.0002956730895675719,-0.00020877530914731324,-0.0001218775287270546,-3.4979748306795955e-05,5.1918032113462687e-05,0.00013881581253372133,0.00022571359295397997,0.0003126113733742386,0.00039950915379449725,0.0004864069342147559,0.0005733047146350145,0.0006602024659514427,0.0007471002754755318,0.0008339980849996209,0.0009208958363160491],"_type":"histogram","values":[1,0,0,0,0,0,0,0,0,0,0,0,1,1,3,0,0,1,1,1,2,1,2,1,1,4,5,1,3,2,10,7,3,2,9,6,11,9,8,19,13,19,9,10,12,17,14,12,15,18,31,21,18,14,12,16,2,5,3,3,1,2,1,1]},"gradients/classifier.fc.bias":{"values":[1,0,0,0,0,0,0,0,0,0,0,0,0,0,0,0,0,0,0,0,0,0,0,0,0,0,0,0,0,0,0,0,0,0,0,0,0,0,0,0,0,0,0,0,0,1,0,0,0,0,0,0,0,0,0,0,0,0,0,0,0,0,0,1],"bins":[-0.7945374250411987,-0.7727916836738586,-0.7510458827018738,-0.7293001413345337,-0.7075543999671936,-0.6858085989952087,-0.6640628576278687,-0.6423171162605286,-0.6205713748931885,-0.5988255739212036,-0.5770798325538635,-0.5553340911865234,-0.5335882902145386,-0.5118425488471985,-0.490096777677536,-0.4683510363101959,-0.44660526514053345,-0.42485949397087097,-0.4031137526035309,-0.3813679814338684,-0.3596222400665283,-0.33787646889686584,-0.31613069772720337,-0.2943849563598633,-0.2726391851902008,-0.25089341402053833,-0.22914767265319824,-0.20740190148353577,-0.18565614521503448,-0.1639103889465332,-0.14216461777687073,-0.12041886150836945,-0.09867310523986816,-0.07692734897136688,-0.055181585252285004,-0.03343582525849342,-0.011690065264701843,0.010055694729089737,0.03180145472288132,0.0535472147166729,0.07529297471046448,0.09703873097896576,0.11878449469804764,0.14053025841712952,0.1622760146856308,0.18402177095413208,0.20576754212379456,0.22751329839229584,0.24925905466079712,0.2710048258304596,0.2927505671977997,0.31449633836746216,0.33624207973480225,0.3579878509044647,0.3797336220741272,0.4014793634414673,0.42322513461112976,0.44497090578079224,0.4667166471481323,0.4884624183177948,0.5102081894874573,0.5319539308547974,0.5536996722221375,0.5754454731941223,0.5971912145614624],"_type":"histogram"},"best/val_auc":0.8638636469841003,"gradients/attention.attention_V.0.weight":{"_type":"histogram","values":[1,0,1,1,0,0,0,1,1,3,5,5,4,7,8,14,22,23,33,39,69,90,120,177,248,380,505,811,1311,2081,3502,6901,16922,6909,3305,1967,1173,769,504,350,233,173,115,88,63,46,50,38,25,14,10,8,7,3,6,5,1,2,2,0,0,0,0,1],