{"best/val_auc":1,"gradients/attention.attention_U.0.weight":{"bins":[-7.132383217367533e-08,-6.906555682917315e-08,-6.680728148467097e-08,-6.454900614016879e-08,-6.229072369023925e-08,-6.003244834573707e-08,-5.7774173001234885e-08,-5.5515897656732704e-08,-5.3257622312230524e-08,-5.099934696772834e-08,-4.874107162322616e-08,-4.64827927260103e-08,-4.422451738150812e-08,-4.196624203700594e-08,-3.970796313979008e-08,-3.74496877952879e-08,-3.519141245078572e-08,-3.293313710628354e-08,-3.067486176178136e-08,-2.8416582864565498e-08,-2.6158307520063317e-08,-2.3900032175561137e-08,-2.1641755054702116e-08,-1.9383477933843096e-08,-1.7125202589340915e-08,-1.4866926356660315e-08,-1.2608650123979714e-08,-1.0350373891299114e-08,-8.092097658618513e-09,-5.833821425937913e-09,-3.5755451932573123e-09,-1.3172689605767118e-09,9.41000166676531e-10,3.1992763993571316e-09,5.457552632037732e-09,7.715828864718333e-09,9.974105097398933e-09,1.2232381330079534e-08,1.4490657562760134e-08,1.6748934683619154e-08,1.9007210028121335e-08,2.1265485372623516e-08,2.3523762493482536e-08,2.5782039614341556e-08,2.8040314958843737e-08,3.029859030334592e-08,3.255686920056178e-08,3.481514454506396e-08,3.707341988956614e-08,3.933169523406832e-08,4.15899705785705e-08,4.384824947578636e-08,4.610652482028854e-08,4.836480016479072e-08,5.062307906200658e-08,5.288135440650876e-08,5.5139629751010943e-08,5.7397905095513124e-08,5.96561804400153e-08,6.191445578451749e-08,6.417273823444702e-08,6.64310135789492e-08,6.868928892345139e-08,7.094756426795357e-08,7.320583961245575e-08],"_type":"histogram","values":[2,0,1,1,2,1,2,1,2,3,1,7,8,5,3,10,5,11,15,11,16,20,26,27,31,48,65,96,165,301,717,44991,1522,472,196,131,64,44,23,25,6,17,7,11,4,9,2,3,3,4,4,2,2,0,1,1,2,0,1,1,0,0,0,1]},"best/val_f1":0.9593985080718994,"gradients/attention.attention_weights.weight":{"values":[1,0,0,0,0,1,0,2,2,4,2,4,7,5,3,7,14,20,12,13,24,20,17,35,29,44,66,71,106,207,359,432,450,346,205,132,95,67,47,44,29,22,20,18,13,18,10,9,7,5,3,8,2,7,0,2,1,2,2,0,0,0,0,1],"bins":[-1.6038653427585814e-07,-1.5538546449533897e-07,-1.503843947148198e-07,-1.453833107234459e-07,-1.4038224094292673e-07,-1.3538117116240755e-07,-1.3038010138188838e-07,-1.253790316013692e-07,-1.2037796182085003e-07,-1.153768849349035e-07,-1.1037580804895697e-07,-1.053747382684378e-07,-1.0037366848791862e-07,-9.537259160197209e-08,-9.037152182145292e-08,-8.537044493550638e-08,-8.036937515498721e-08,-7.536830537446804e-08,-7.03672284885215e-08,-6.536615870800233e-08,-6.03650818220558e-08,-5.5364012041536625e-08,-5.036294226101745e-08,-4.53618689277846e-08,-4.0360795594551746e-08,-3.535972226131889e-08,-3.035864892808604e-08,-2.5357579147566867e-08,-2.0356505814334014e-08,-1.535543248110116e-08,-1.0354360924225148e-08,-5.353288479170715e-09,-3.5221603411628166e-10,4.648856410938151e-09,9.649928855992584e-09,1.4651001301047017e-08,1.965207374610145e-08,2.4653147079334303e-08,2.9654218636210317e-08,3.465529019308633e-08,3.965636352631918e-08,4.4657436859552035e-08,4.965851019278489e-08,5.465957997330406e-08,5.966064975382324e-08,6.466172663976977e-08,6.966279642028894e-08,7.466387330623547e-08,7.966494308675465e-08,8.466601286727382e-08,8.966708975322035e-08,9.466815953373953e-08,9.966923641968606e-08,1.0467030620020523e-07,1.096713759807244e-07,1.1467245286667094e-07,1.1967352975261747e-07,1.2467459953313664e-07,1.2967566931365582e-07,1.34676739094175e-07,1.3967780887469416e-07,1.4467887865521334e-07,1.4967996264658723e-07,1.546810324271064e-07,1.5968210220762558e-07],"_type":"histogram"},"_step":49,"lr":1e-10,"val/auc":1,"val/loss":0.11923858826517868,"best/epoch":3,"gradients/attention.attention_U.0.bias":{"_type":"histogram","values":[2,0,0,0,0,0,0,2,2,4,2,3,3,4,1,3,7,8,7,6,12,11,15,13,17,11,19,22,22,19,8,13,17,10,13,13,8,9,10,5,6,9,11,5,4,7,4,2,4,0,2,3,1,0,0,1,2,0,0,0,0,0,0,2],"bins":[-4.005939580054019e-09,-3.843699580841076e-09,-3.6814598036727375e-09,-3.5192200265043994e-09,-3.356980249336061e-09,-3.194740250123118e-09,-3.03250047295478e-09,-2.870260695786442e-09,-2.7080209186181037e-09,-2.5457809194051606e-09,-2.3835411422368225e-09,-2.2213013650684843e-09,-2.0590613658555412e-09,-1.896821588687203e-09,-1.7345817004965625e-09,-1.5723419233282243e-09,-1.4101020351375837e-09,-1.247862146946943e-09,-1.085622369778605e-09,-9.233824815879643e-10,-7.611426489084749e-10,-5.989028162289856e-10,-4.3666295579392056e-10,-2.7442309535885556e-10,-1.1218326267936618e-10,5.005658387791101e-11,2.122964304351882e-10,3.745362908702532e-10,5.367761235497426e-10,6.99015956229232e-10,8.612558444198726e-10,1.0234956215882107e-09,1.1857355097788513e-09,1.347975397969492e-09,1.51021517513783e-09,1.6724550633284707e-09,1.8346948404968089e-09,1.996934839709752e-09,2.15917461687809e-09,2.3214143940464282e-09,2.4836541712147664e-09,2.6458941704277095e-09,2.8081339475960476e-09,2.9703737247643858e-09,3.132613723977329e-09,3.294853501145667e-09,3.457093278314005e-09,3.6193332775269482e-09,3.781573276739891e-09,3.9438128318636245e-09,4.106052831076568e-09,4.268292386200301e-09,4.430532385413244e-09,4.592772384626187e-09,4.75501193974992e-09,4.917251938962863e-09,5.079491938175806e-09,5.2417314932995396e-09,5.403971492512483e-09,5.566211491725426e-09,5.728451046849159e-09,5.890691046062102e-09,6.052931045275045e-09,6.215170600398778e-09,6.377410599611721e-09]},"val/f1":0.9593985080718994,"test/auc":0.9795918464660645,"best/test_auc":0.9683673977851868,"gradients/attention.attention_V.0.weight":{"bins":[-1.1602606520000336e-07,-1.1266383381780543e-07,-1.0930160954103485e-07,-1.0593937815883692e-07,-1.0257715388206634e-07,-9.921492249986841e-08,-9.585269822309783e-08,-9.24904668408999e-08,-8.912823545870197e-08,-8.576601118193139e-08,-8.240377979973346e-08,-7.904155552296288e-08,-7.567932414076495e-08,-7.231709986399437e-08,-6.895486848179644e-08,-6.559264420502586e-08,-6.223041282282793e-08,-5.8868184993343675e-08,-5.550595716385942e-08,-5.2143729334375166e-08,-4.878150150489091e-08,-4.541927012269298e-08,-4.2057042293208724e-08,-3.869481446372447e-08,-3.5332586634240215e-08,-3.197035880475596e-08,-2.8608130975271706e-08,-2.5245901369430612e-08,-2.1883673539946358e-08,-1.8521445710462103e-08,-1.515921610462101e-08,-1.1796988275136755e-08,-8.434753340225143e-09,-5.0725250666516786e-09,-1.7102967930782143e-09,1.65193148049525e-09,5.014159754068714e-09,8.376387583552969e-09,1.1738616301215643e-08,1.5100845018878317e-08,1.8463072848362572e-08,2.1825300677846826e-08,2.518752850733108e-08,2.8549758113172174e-08,3.191198771901327e-08,3.527421554849752e-08,3.863644337798178e-08,4.199867120746603e-08,4.5360899036950286e-08,4.872312686643454e-08,5.2085354695918795e-08,5.544758252540305e-08,5.8809810354887304e-08,6.217204173708524e-08,6.553426601385581e-08,6.889649739605375e-08,7.225872877825168e-08,7.562095305502226e-08,7.898318443722019e-08,8.234540871399076e-08,8.57076400961887e-08,8.906986437295927e-08,9.24320957551572e-08,9.579432003192778e-08,9.915655141412572e-08],"_type":"histogram","values":[2,0,0,0,1,0,2,1,0,0,2,2,3,3,2,1,3,1,5,4,5,5,4,7,16,14,28,26,37,64,88,153,227,754,46256,773,230,138,83,57,34,33,23,11,13,8,5,6,3,3,3,4,3,1,2,1,0,1,0,0,0,0,0,1]},"_timestamp":1.7643382151667e+09,"gradients/attention.attention_V.0.bias":{"_type":"histogram","values":[2,0,0,0,1,0,0,0,1,0,1,0,1,1,1,5,5,3,4,5,5,10,11,10,12,13,7,12,11,17,12,15,17,12,19,21,14,13,13,13,19,15,10,11,11,3,4,6,3,4,2,0,1,1,0,1,2,0,1,0,2,0,0,1],