{"lr":1e-10,"test/acc":75.1937984496124,"val/f1":0.7407407164573669,"val/acc":74.07407407407408,"best/val_f1":0.8465908765792847,"best/epoch":12,"gradients/dimreduction.fc1.weight":{"_type":"histogram","values":[1,1,1,1,1,2,1,4,3,3,6,8,5,10,16,17,37,85,191,302,663,1816,8634,32633,2846,1012,417,178,107,54,27,25,17,9,6,3,4,2,2,1,0,0,0,0,0,0,0,0,0,0,0,0,0,0,0,0,0,0,0,0,0,0,0,1],"bins":[-0.023686015978455544,-0.0226640272885561,-0.021642038598656654,-0.02062004990875721,-0.019598061218857765,-0.01857607252895832,-0.017554083839058876,-0.01653209514915943,-0.015510106459259987,-0.014488117769360542,-0.013466129079461098,-0.012444140389561653,-0.011422151699662209,-0.010400163009762764,-0.00937817431986332,-0.008356185629963875,-0.00733419694006443,-0.006312208250164986,-0.005290219560265541,-0.0042682308703660965,-0.003246242180466652,-0.0022242534905672073,-0.0012022648006677628,-0.00018027611076831818,0.0008417125791311264,0.001863701269030571,0.0028856899589300156,0.00390767864882946,0.004929667338728905,0.005951656028628349,0.006973644718527794,0.007995633408427238,0.009017620235681534,0.010039608925580978,0.011061597615480423,0.012083586305379868,0.013105574995279312,0.014127563685178757,0.015149552375078201,0.016171541064977646,0.01719352975487709,0.018215518444776535,0.01923750713467598,0.020259495824575424,0.02128148451447487,0.022303473204374313,0.023325461894273758,0.024347450584173203,0.025369439274072647,0.02639142796397209,0.027413416653871536,0.02843540534377098,0.029457394033670425,0.03047938272356987,0.031501371413469315,0.03252336010336876,0.033545348793268204,0.03456733748316765,0.03558932617306709,0.03661131486296654,0.03763330355286598,0.03865529224276543,0.03967728093266487,0.040699269622564316,0.04172125831246376]},"_timestamp":1.7644554648744602e+09,"gradients/classifier.fc.bias":{"values":[1,0,0,0,0,0,0,0,0,0,0,0,0,0,0,0,0,0,0,0,0,0,0,0,0,0,0,0,0,0,0,0,0,0,0,0,0,0,0,0,0,0,0,0,0,0,0,0,0,0,0,0,0,0,0,0,0,0,0,0,0,0,0,1],"bins":[-0.017017006874084473,-0.016485225409269333,-0.015953445807099342,-0.015421665273606777,-0.014889884740114212,-0.014358103275299072,-0.013826322741806507,-0.013294542208313942,-0.012762761674821377,-0.012230981141328812,-0.011699200607836246,-0.011167420074343681,-0.010635638609528542,-0.010103858076035976,-0.009572077542543411,-0.009040297009050846,-0.008508516475558281,-0.007976735942065716,-0.007444955408573151,-0.006913174409419298,-0.006381393875926733,-0.005849613342434168,-0.005317832343280315,-0.00478605180978775,-0.004254271276295185,-0.00372249074280262,-0.003190709976479411,-0.0026589292101562023,-0.002127148676663637,-0.0015953680267557502,-0.0010635873768478632,-0.0005318067269399762,-2.421438694000244e-08,0.000531756435520947,0.001063537085428834,0.001595317735336721,0.002127098385244608,0.002658878918737173,0.003190659685060382,0.0037224404513835907,0.004254220984876156,0.004786001518368721,0.005317782051861286,0.005849563051015139,0.006381343584507704,0.006913124118000269,0.007444905117154121,0.007976685650646687,0.008508466184139252,0.009040246717631817,0.009572027251124382,0.010103807784616947,0.010635588318109512,0.011167369782924652,0.011699150316417217,0.012230930849909782,0.012762711383402348,0.013294491916894913,0.013826272450387478,0.014358052983880043,0.014889834448695183,0.015421614982187748,0.015953395515680313,0.016485175117850304,0.017016956582665443],"_type":"histogram"},"_step":49,"gradients/classifier.fc.weight":{"values":[1,0,0,0,1,0,0,0,0,0,0,0,0,0,0,0,0,0,1,2,0,0,1,2,2,0,1,1,3,9,9,86,104,9,9,3,1,1,0,2,2,1,0,0,2,1,0,0,0,0,0,0,0,0,0,0,0,0,0,1,0,0,0,1],"bins":[-0.17590370774269104,-0.17040672898292542,-0.1649097502231598,-0.15941275656223297,-0.15391577780246735,-0.14841879904270172,-0.1429218053817749,-0.13742482662200928,-0.13192784786224365,-0.12643086910247803,-0.1209338828921318,-0.11543689668178558,-0.10993991792201996,-0.10444293916225433,-0.09894595295190811,-0.09344896674156189,-0.08795198798179626,-0.08245500922203064,-0.07695802301168442,-0.0714610368013382,-0.06596405804157257,-0.06046707555651665,-0.054970093071460724,-0.0494731105864048,-0.04397612810134888,-0.038479145616292953,-0.03298216313123703,-0.027485180646181107,-0.021988198161125183,-0.01649121567606926,-0.010994233191013336,-0.005497250705957413,-2.5331974029541016e-07,0.005496729165315628,0.010993711650371552,0.016490694135427475,0.0219876766204834,0.027484659105539322,0.032981641590595245,0.03847862407565117,0.04397560656070709,0.049472589045763016,0.05496957153081894,0.06046655401587486,0.06596353650093079,0.07146051526069641,0.07695750147104263,0.08245448768138885,0.08795146644115448,0.0934484452009201,0.09894543141126633,0.10444241762161255,0.10993939638137817,0.1154363751411438,0.12093336135149002,0.12643034756183624,0.13192732632160187,0.1374243050813675,0.1429212987422943,0.14841827750205994,0.15391525626182556,0.1594122350215912,0.1649092137813568,0.17040620744228363,0.17590318620204926],"_type":"histogram"},"epoch":49,"val/auc":0.8352272510528564,"test/f1":0.7240642309188843,"best/val_acc":85.18518518518519,"best/test_auc":0.7250000238418579,"train/loss":0.10179518110650265,"best/val_auc":0.9034091234207153,"best/test_acc":65.11627906976744,"test/auc":0.7352041006088257,"val/loss":0.7703359784994703,"best/test_f1":0.638655424118042,"_wandb":{"runtime":236},"_runtime":236,"test/loss":0.7633171758099703}