{"test/auc":0.9045747518539429,"gradients/attention.attention_U.0.bias":{"values":[1,1,0,0,1,1,1,2,2,3,2,0,0,2,2,1,1,0,2,2,3,1,5,5,2,6,7,1,8,17,17,17,18,31,41,72,23,19,11,6,5,5,4,4,2,3,7,5,2,2,5,3,1,1,0,0,0,0,0,0,0,0,0,1],"bins":[-7.945595949850753e-14,-7.721174909288905e-14,-7.496754546353415e-14,-7.272333505791567e-14,-7.047912465229719e-14,-6.823491424667871e-14,-6.599071061732381e-14,-6.374650021170533e-14,-6.150228980608685e-14,-5.925808617673195e-14,-5.701387577111347e-14,-5.476966536549499e-14,-5.25254583480083e-14,-5.028124794238982e-14,-4.803704092490313e-14,-4.579283051928465e-14,-4.354862350179796e-14,-4.130441648431127e-14,-3.906020607869279e-14,-3.68159990612061e-14,-3.457178865558762e-14,-3.232758163810093e-14,-3.008337123248245e-14,-2.7839164214995757e-14,-2.5594955503443172e-14,-2.3350746791890586e-14,-2.1106538080338e-14,-1.8862329368785416e-14,-1.6618122351298725e-14,-1.437391363974614e-14,-1.2129704928193555e-14,-9.88549621664097e-15,-7.641287505088384e-15,-5.397078793535799e-15,-3.1528705054996876e-15,-9.086620057053392e-16,1.3355464940890092e-15,3.5797552056415945e-15,5.823963493677706e-15,8.068171781713818e-15,1.0312380493266403e-14,1.2556589204818988e-14,1.4800797916371573e-14,1.704500662792416e-14,1.928921364541085e-14,2.1533422356963434e-14,2.377763106851602e-14,2.6021839780068605e-14,2.826604849162119e-14,3.051025550910788e-14,3.275446591472636e-14,3.499867293221305e-14,3.724288333783153e-14,3.948709035531822e-14,4.17313007609367e-14,4.397550777842339e-14,4.621971479591008e-14,4.846392520152856e-14,5.0708132219015253e-14,5.295234262463373e-14,5.5196549642120424e-14,5.74407600477389e-14,5.968497045335738e-14,6.192917408271228e-14,6.417338448833076e-14],"_type":"histogram"},"val/acc":86.66666666666667,"best/test_auc":0.8872056007385254,"val/loss":1.1990495591143524,"gradients/attention.attention_weights.bias":{"values":[2,0,0,0,0,0,0,0,0,1,1,0,1,0,1,0,0,0,0,0,0,0,0,1,0,0,0,0,0,0,0,0,0,0,0,0,0,0,0,0,0,0,0,0,0,0,0,0,0,0,0,0,0,0,0,0,0,0,0,0,0,0,0,1],"bins":[-3.2695471764015993e-19,-3.0554066594238715e-19,-2.8412661424461437e-19,-2.627125625468416e-19,-2.412985108490688e-19,-2.1988445915129603e-19,-1.9847040745352325e-19,-1.7705635575575047e-19,-1.5564230405797769e-19,-1.342282523602049e-19,-1.1281420066243213e-19,-9.140014896465935e-20,-6.998609726688657e-20,-4.8572045569113785e-20,-2.7157993871341005e-20,-5.743942173568224e-21,1.5670109524204556e-20,3.7084161221977337e-20,5.849821291975012e-20,7.99122646175229e-20,1.0132631631529568e-19,1.2274036801306846e-19,1.4415441971084124e-19,1.6556847140861402e-19,1.869825231063868e-19,2.0839657480415958e-19,2.2981062650193236e-19,2.5122467819970514e-19,2.726387298974779e-19,2.940527815952507e-19,3.154668332930235e-19,3.3688088499079626e-19,3.5829493668856904e-19,3.797089883863418e-19,4.011230400841146e-19,4.225370917818874e-19,4.439511434796602e-19,4.653651951774329e-19,4.867792468752057e-19,5.081932985729785e-19,5.296073502707513e-19,5.510214019685241e-19,5.724354536662968e-19,5.938495053640696e-19,6.152635570618424e-19,6.366776087596152e-19,6.58091660457388e-19,6.7950571215516075e-19,7.009197638529335e-19,7.223338155507063e-19,7.437478672484791e-19,7.651619189462519e-19,7.865759706440247e-19,8.079900223417974e-19,8.294040740395702e-19,8.50818125737343e-19,8.722321774351158e-19,8.936462291328886e-19,9.150602808306613e-19,9.364743325284341e-19,9.578883842262069e-19,9.793024359239797e-19,1.0007164876217525e-18,1.0221305393195252e-18,1.043544591017298e-18],"_type":"histogram"},"lr":1e-10,"best/epoch":12,"best/val_f1":0.7559523582458496,"gradients/classifier.fc.weight":{"bins":[0,7.995592577782207e-13,1.5991185155564414e-12,2.3986778275447707e-12,3.1982370311128827e-12,3.997796451521429e-12,4.797355655089541e-12,5.596914858657653e-12,6.3964740622257654e-12,7.1960332657938775e-12,7.995592903042859e-12,8.79515210661097e-12,9.594711310179083e-12,1.0394270513747195e-11,1.1193829717315307e-11,1.1993388920883419e-11,1.2792948124451531e-11,1.3592507328019643e-11,1.4392066531587755e-11,1.5191625735155867e-11,1.5991185806085717e-11,1.679074414229209e-11,1.759030421322194e-11,1.8389862549428315e-11,1.9189422620358165e-11,1.998898095656454e-11,2.078854102749439e-11,2.1588099363700763e-11,2.2387659434630613e-11,2.3187217770836988e-11,2.3986777841766838e-11,2.4786336177973212e-11,2.5585896248903062e-11,2.6385456319832912e-11,2.7185014656039286e-11,2.7984574726969136e-11,2.878413306317551e-11,2.958369313410536e-11,3.0383251470311734e-11,3.118280980651811e-11,3.1982371612171434e-11,3.278192994837781e-11,3.358148828458418e-11,3.4381046620790556e-11,3.518060842644388e-11,3.5980166762650256e-11,3.677972509885663e-11,3.7579283435063005e-11,3.837884524071633e-11,3.9178403576922705e-11,3.997796191312908e-11,4.0777523718782405e-11,4.157708205498878e-11,4.237664039119515e-11,4.317619872740153e-11,4.397576053305485e-11,4.477531886926123e-11,4.55748772054676e-11,4.6374435541673975e-11,4.71739973473273e-11,4.7973555683533675e-11,4.877311401974005e-11,4.9572672355946423e-11,5.037223416159975e-11,5.1171792497806123e-11],"_type":"histogram","values":[3857,68,42,29,15,13,15,3,9,4,2,2,5,3,3,3,2,3,1,2,2,1,0,2,3,0,0,1,0,0,1,2,2,0,0,0,0,0,0,0,0,0,0,0,0,0,0,0,0,0,0,0,0,0,0,0,0,0,0,0,0,0,0,1]},"test/f1":0.6574386954307556,"_timestamp":1.7643131469497912e+09,"_wandb":{"runtime":331},"_runtime":331,"gradients/attention.attention_V.0.bias":{"_type":"histogram","values":[1,0,0,0,0,0,0,0,0,0,0,0,0,1,0,1,1,0,4,2,0,0,5,3,7,7,5,11,15,26,45,86,62,26,15,12,12,7,6,10,1,4,1,3,1,1,0,0,0,0,1,0,0,0,0,0,1,0,0,0,0,0,0,1],"bins":[-1.722826390012852e-13,-1.6682758419064164e-13,-1.6137252937999808e-13,-1.559174745693545e-13,-1.5046240620618379e-13,-1.4500735139554022e-13,-1.3955229658489665e-13,-1.3409724177425308e-13,-1.2864218696360952e-13,-1.2318713215296595e-13,-1.1773207734232238e-13,-1.1227701575541524e-13,-1.0682196094477167e-13,-1.013669061341281e-13,-9.591184454722096e-14,-9.045678973657739e-14,-8.500173492593383e-14,-7.954668011529026e-14,-7.409162530464669e-14,-6.863656371773955e-14,-6.318150890709598e-14,-5.772645409645241e-14,-5.2271395897677056e-14,-4.68163376989017e-14,-4.136128288825813e-14,-3.5906228077614566e-14,-3.045116987883921e-14,-2.4996113374129748e-14,-1.9541056869420287e-14,-1.4086000364710825e-14,-8.630943860001364e-15,-3.1758873552919023e-15,2.279155596890403e-15,7.734212101599865e-15,1.3189268606309326e-14,1.8644325111018788e-14,2.409938161572825e-14,2.9554436426371816e-14,3.500949462514717e-14,4.046455282392253e-14,4.5919607634566095e-14,5.137466244520966e-14,5.682972064398502e-14,6.228477884276037e-14,6.773983365340394e-14,7.319488846404751e-14,7.864995005095465e-14,8.410500486159822e-14,8.956005967224179e-14,9.501511448288535e-14,1.0047016929352892e-13,1.0592523088043607e-13,1.1138028569107963e-13,1.1683534727798678e-13,1.2229040208863035e-13,1.277454568992739e-13,1.3320051170991748e-13,1.3865556652056105e-13,1.4411062133120461e-13,1.4956567614184818e-13,1.550207445050189e-13,1.6047579931566247e-13,1.6593085412630604e-13,1.713859089369496e-13,1.7684096374759317e-13]},"best/test_f1":0.7367936372756958,"test/loss":1.1853733500946873,"epoch":49,"val/f1":0.6875,"gradients/attention.attention_U.0.weight":{"_type":"histogram","values":[1,0,0,0,0,0,0,0,0,0,0,1,0,0,0,0,0,0,0,1,0,0,0,0,1,0,2,2,1,7,4,1,3,8,6,11,9,9,21,20,30,35,70,135,351,1231,46375,560,114,48,20,31,14,8,9,7,2,0,1,2,0,0,0,1],