{"val/acc":72.58064516129032,"test/auc":0.8017516136169434,"lr":9.976003213255121e-09,"gradients/classifier.fc.weight":{"values":[1,0,0,0,1,1,0,2,1,3,3,5,4,4,0,4,4,1,7,5,4,3,7,2,6,10,12,5,9,3,6,7,0,1,0,2,1,2,2,0,0,0,6,6,3,10,19,29,31,31,17,18,16,15,15,9,9,9,6,4,0,2,0,1],"bins":[-0.6905556917190552,-0.6738088130950928,-0.6570619344711304,-0.6403149962425232,-0.6235681176185608,-0.6068212389945984,-0.5900743007659912,-0.5733274221420288,-0.5565805435180664,-0.539833664894104,-0.5230867862701416,-0.5063398480415344,-0.489592969417572,-0.4728460907936096,-0.45609918236732483,-0.43935227394104004,-0.42260539531707764,-0.40585851669311523,-0.38911160826683044,-0.37236469984054565,-0.35561782121658325,-0.33887094259262085,-0.32212403416633606,-0.30537712574005127,-0.28863024711608887,-0.27188336849212646,-0.2551364600658417,-0.23838956654071808,-0.22164267301559448,-0.2048957794904709,-0.1881488859653473,-0.1714019924402237,-0.15465512871742249,-0.1379082351922989,-0.12116134166717529,-0.1044144481420517,-0.0876675546169281,-0.0709206610918045,-0.05417376756668091,-0.03742687404155731,-0.020679980516433716,-0.00393308699131012,0.012813806533813477,0.029560700058937073,0.04630759358406067,0.06305448710918427,0.07980138063430786,0.09654827415943146,0.11329516768455505,0.13004206120967865,0.14678895473480225,0.16353584825992584,0.18028274178504944,0.19702963531017303,0.21377652883529663,0.23052342236042023,0.24727031588554382,0.2640172243118286,0.280764102935791,0.2975109815597534,0.3142578899860382,0.331004798412323,0.3477516770362854,0.3644985556602478,0.3812454640865326],"_type":"histogram"},"best/test_acc":59.30232558139535,"_wandb":{"runtime":324},"train/loss":0.4104898531937967,"_runtime":324,"_step":49,"val/f1":0.5446358323097229,"gradients/dimreduction.fc1.weight":{"_type":"histogram","values":[1,0,0,0,0,0,0,0,0,0,1,0,0,0,1,2,0,2,1,2,4,4,7,4,16,30,35,37,71,115,203,326,529,970,1739,3565,8900,20078,6322,2806,1424,765,437,276,148,91,68,45,36,32,15,12,8,4,8,1,4,3,0,3,0,0,0,1],"bins":[-0.274647980928421,-0.2672920823097229,-0.2599361538887024,-0.2525802552700043,-0.24522435665130615,-0.23786844313144684,-0.23051254451274872,-0.2231566309928894,-0.21580073237419128,-0.20844481885433197,-0.20108892023563385,-0.19373300671577454,-0.18637710809707642,-0.1790211945772171,-0.17166529595851898,-0.16430938243865967,-0.15695348381996155,-0.14959757030010223,-0.14224165678024292,-0.1348857581615448,-0.12752984464168549,-0.12017394602298737,-0.11281803995370865,-0.10546213388442993,-0.09810622036457062,-0.0907503142952919,-0.08339440822601318,-0.07603850215673447,-0.06868259608745575,-0.06132669001817703,-0.053970783948898315,-0.0466148778796196,-0.03925897181034088,-0.031903065741062164,-0.024547159671783447,-0.01719125173985958,-0.009835345670580864,-0.0024794391356408596,0.004876467399299145,0.012232374399900436,0.019588280469179153,0.02694418653845787,0.03430009260773659,0.041655998677015305,0.04901190847158432,0.05636781454086304,0.06372372061014175,0.07107962667942047,0.07843553274869919,0.0857914388179779,0.09314734488725662,0.10050325095653534,0.10785915702581406,0.11521506309509277,0.12257096916437149,0.1299268752336502,0.13728278875350952,0.14463868737220764,0.15199460089206696,0.15935049951076508,0.1667064130306244,0.1740623116493225,0.18141822516918182,0.18877412378787994,0.19613003730773926]},"gradients/classifier.fc.bias":{"values":[1,0,0,0,0,0,0,0,0,0,0,0,0,0,0,0,0,0,0,0,0,0,0,0,0,0,0,0,0,0,0,0,0,0,0,0,0,0,0,0,0,0,0,0,0,0,0,0,0,0,0,0,0,0,0,0,0,0,0,1,0,0,0,1],"bins":[-0.10952329635620117,-0.10686720907688141,-0.10421112179756165,-0.10155504196882248,-0.09889895468950272,-0.09624286741018295,-0.09358678758144379,-0.09093070030212402,-0.08827461302280426,-0.0856185257434845,-0.08296243846416473,-0.08030635863542557,-0.0776502713561058,-0.07499418407678604,-0.07233810424804688,-0.06968201696872711,-0.06702592968940735,-0.06436984241008759,-0.06171375885605812,-0.059057675302028656,-0.05640158802270889,-0.05374550074338913,-0.051089417189359665,-0.0484333336353302,-0.04577724635601044,-0.043121159076690674,-0.04046507552266121,-0.037808991968631744,-0.03515290468931198,-0.03249681740999222,-0.029840733855962753,-0.02718464843928814,-0.024528559297323227,-0.021872473880648613,-0.019216388463974,-0.016560303047299385,-0.013904217630624771,-0.011248132213950157,-0.008592046797275543,-0.005935961380600929,-0.0032798759639263153,-0.0006237905472517014,0.0020322948694229126,0.0046883802860975266,0.0073444657027721405,0.010000551119446754,0.012656636536121368,0.015312721952795982,0.017968807369470596,0.02062489278614521,0.023280978202819824,0.025937063619494438,0.028593149036169052,0.031249234452843666,0.03390531986951828,0.03656140714883804,0.03921749070286751,0.04187357425689697,0.044529661536216736,0.0471857488155365,0.049841832369565964,0.05249791592359543,0.05515400320291519,0.057810090482234955,0.06046617403626442],"_type":"histogram"},"best/val_acc":72.58064516129032,"epoch":49,"best/epoch":43,"test/acc":59.30232558139535,"test/f1":0.4575163424015045,"best/test_auc":0.8017516136169434,"best/val_auc":0.8762267827987671,"val/auc":0.8758740425109863,"test/loss":0.8364842766679303,"_timestamp":1.764463754367316e+09,"best/test_f1":0.4575163424015045,"val/loss":0.6874205092749288,"best/val_f1":0.5446358323097229}