{"best/val_acc":86.66666666666667,"best/test_f1":0.5647023916244507,"val/loss":1.1078664233152902,"lr":1e-10,"best/epoch":4,"_timestamp":1.7643119646299174e+09,"best/val_auc":0.9478597044944763,"gradients/attention.attention_weights.bias":{"bins":[-1.1641532182693481e-10,-1.1445422387623694e-10,-1.1249312592553906e-10,-1.1053202797484118e-10,-1.0857093002414331e-10,-1.0660983207344543e-10,-1.0464873412274756e-10,-1.0268763617204968e-10,-1.007265382213518e-10,-9.876544027065393e-11,-9.680434231995605e-11,-9.484324436925817e-11,-9.28821464185603e-11,-9.092104846786242e-11,-8.895995051716454e-11,-8.699885256646667e-11,-8.503775461576879e-11,-8.307665666507091e-11,-8.111555871437304e-11,-7.915446076367516e-11,-7.719336281297728e-11,-7.523226486227941e-11,-7.327116691158153e-11,-7.131006896088365e-11,-6.934897101018578e-11,-6.73878730594879e-11,-6.542677510879003e-11,-6.346567715809215e-11,-6.150457920739427e-11,-5.95434812566964e-11,-5.758238330599852e-11,-5.562128535530064e-11,-5.3660187404602766e-11,-5.169908945390489e-11,-4.973799150320701e-11,-4.7776893552509136e-11,-4.581579560181126e-11,-4.3854697651113383e-11,-4.189359970041551e-11,-3.993250174971763e-11,-3.7971403799019754e-11,-3.601030584832188e-11,-3.4049207897624e-11,-3.2088109946926124e-11,-3.012701199622825e-11,-2.816591404553037e-11,-2.6204816094832495e-11,-2.4243718144134618e-11,-2.2282620193436742e-11,-2.0321522242738865e-11,-1.836042429204099e-11,-1.6399326341343112e-11,-1.4438228390645236e-11,-1.247713043994736e-11,-1.0516032489249483e-11,-8.554934538551606e-12,-6.59383658785373e-12,-4.632738637155853e-12,-2.6716406864579767e-12,-7.105427357601002e-13,1.2505552149377763e-12,3.211653165635653e-12,5.172751116333529e-12,7.133849067031406e-12,9.094947017729282e-12],"_type":"histogram","values":[1,0,0,0,0,0,0,0,0,0,0,0,0,0,0,0,0,0,0,0,0,0,0,0,0,0,0,0,0,0,0,0,0,0,0,0,0,0,0,0,0,0,0,0,0,0,0,0,0,0,0,0,0,0,0,0,0,0,0,0,0,0,0,1]},"gradients/attention.attention_U.0.weight":{"values":[1,1,1,2,4,1,9,4,10,12,13,14,29,26,30,36,42,60,78,105,124,167,223,257,295,390,608,2039,42914,596,271,158,115,88,59,60,62,28,42,19,14,25,18,20,11,8,8,6,6,7,5,4,1,0,3,4,3,5,2,1,3,2,0,3],"bins":[-4.205342702334747e-05,-4.05624887207523e-05,-3.907155041815713e-05,-3.758061575354077e-05,-3.60896774509456e-05,-3.459873914835043e-05,-3.3107800845755264e-05,-3.1616862543160096e-05,-3.012592605955433e-05,-2.8634987756959163e-05,-2.7144051273353398e-05,-2.565311297075823e-05,-2.416217466816306e-05,-2.2671238184557296e-05,-2.1180299881962128e-05,-1.9689363398356363e-05,-1.8198425095761195e-05,-1.6707486793166026e-05,-1.5216550309560262e-05,-1.3725612006965093e-05,-1.2234674613864627e-05,-1.074373722076416e-05,-9.252798918168992e-06,-7.761861525068525e-06,-6.270924131968059e-06,-4.779986738867592e-06,-3.2890488910197746e-06,-1.7981112705456326e-06,-3.0717365007149056e-07,1.1837639704026515e-06,2.6747015908767935e-06,4.165639438724611e-06,5.6565731938462704e-06,7.147510586946737e-06,8.638447980047204e-06,1.0129386282642372e-05,1.1620323675742839e-05,1.3111261068843305e-05,1.4602199371438473e-05,1.6093135855044238e-05,1.7584074157639407e-05,1.9075012460234575e-05,2.056594894384034e-05,2.2056887246435508e-05,2.3547825549030676e-05,2.503876203263644e-05,2.652970033523161e-05,2.8020636818837374e-05,2.9511575121432543e-05,3.100251342402771e-05,3.249345172662288e-05,3.398438639123924e-05,3.547532469383441e-05,3.696626299642958e-05,3.8457201299024746e-05,3.9948139601619914e-05,4.1439074266236275e-05,4.2930012568831444e-05,4.442095087142661e-05,4.591188917402178e-05,4.740282747661695e-05,4.889376577921212e-05,5.038470044382848e-05,5.187563874642365e-05,5.3366577049018815e-05],"_type":"histogram"},"test/acc":81.5,"val/auc":0.8731439113616943,"test/f1":0.6225962042808533,"_runtime":337,"gradients/attention.attention_V.0.weight":{"values":[1,1,0,0,0,0,1,0,0,0,0,0,0,0,1,1,0,0,1,1,0,0,0,0,0,0,2,2,2,4,1,3,1,9,6,7,14,11,19,17,31,70,106,808,47590,194,105,46,27,22,10,9,12,5,0,2,2,0,0,1,2,2,1,2],"bins":[-0.00019035265722777694,-0.00018603523494675756,-0.00018171781266573817,-0.00017740039038471878,-0.00017308296810369939,-0.00016876554582268,-0.0001644481235416606,-0.00016013070126064122,-0.00015581327897962183,-0.00015149585669860244,-0.00014717843441758305,-0.00014286101213656366,-0.00013854358985554427,-0.00013422616757452488,-0.0001299087452935055,-0.0001255913230124861,-0.00012127390800742432,-0.00011695648572640494,-0.00011263906344538555,-0.00010832164116436616,-0.00010400421888334677,-9.968679660232738e-05,-9.536937432130799e-05,-9.10519520402886e-05,-8.673453703522682e-05,-8.241711475420743e-05,-7.809969247318804e-05,-7.378227019216865e-05,-6.946484791114926e-05,-6.514742563012987e-05,-6.0830003349110484e-05,-5.6512581068091094e-05,-5.219516606302932e-05,-4.787774378200993e-05,-4.356032150099054e-05,-3.924289921997115e-05,-3.492547693895176e-05,-3.060805829591118e-05,-2.629063601489179e-05,-2.19732137338724e-05,-1.765579145285301e-05,-1.333836917183362e-05,-9.020947800308932e-06,-4.703525974036893e-06,-3.8610414776485413e-07,3.931317678507185e-06,8.248739504779223e-06,1.2566160876303911e-05,1.68835831573233e-05,2.120100543834269e-05,2.551842771936208e-05,2.9835848181392066e-05,3.415327228140086e-05,3.847069092444144e-05,4.278811320546083e-05,4.710553548648022e-05,5.142295776749961e-05,5.5740380048519e-05,6.005780232953839e-05,6.437522097257897e-05,6.869264325359836e-05,7.301006553461775e-05,7.732748781563714e-05,8.164491009665653e-05,8.596233237767592e-05],"_type":"histogram"},"gradients/attention.attention_weights.weight":{"values":[1,0,0,0,0,0,0,0,0,0,0,1,0,0,1,1,0,1,3,0,2,4,1,2,0,3,5,3,3,5,3,4,11,9,18,22,61,407,62,30,26,12,7,6,5,7,3,3,3,6,2,0,3,1,3,4,5,2,1,2,2,1,0,1],"bins":[-0.00019625078130047768,-0.00019102022633887827,-0.00018578967137727886,-0.00018055911641567945,-0.00017532854690216482,-0.0001700979919405654,-0.000164867436978966,-0.0001596368820173666,-0.00015440632705576718,-0.00014917577209416777,-0.00014394520258065313,-0.00013871464761905372,-0.0001334840926574543,-0.0001282535376958549,-0.0001230229827342555,-0.00011779242049669847,-0.00011256186553509906,-0.00010733131057349965,-0.00010210074833594263,-9.687019337434322e-05,-9.163963841274381e-05,-8.640907617518678e-05,-8.117852121358737e-05,-7.594796625198796e-05,-7.071740401443094e-05,-6.548684905283153e-05,-6.025629409123212e-05,-5.5025735491653904e-05,-4.979517689207569e-05,-4.456462193047628e-05,-3.933406333089806e-05,-3.410350836929865e-05,-2.8872949769720435e-05,-2.3642392989131622e-05,-1.841183620854281e-05,-1.3181277608964592e-05,-7.950720828375779e-06,-2.720163593039615e-06,2.510393642296549e-06,7.740951332380064e-06,1.2971508112968877e-05,1.820206489355769e-05,2.3432621674146503e-05,2.866318027372472e-05,3.3893738873302937e-05,3.9124293834902346e-05,4.435485243448056e-05,4.958540739607997e-05,5.481596599565819e-05,6.0046524595236406e-05,6.527708319481462e-05,7.050763815641403e-05,7.573819311801344e-05,8.096875535557047e-05,8.619931031716987e-05,9.142986527876928e-05,9.666042751632631e-05,0.00010189098247792572,0.00010712153743952513,0.00011235209240112454,0.00011758265463868156,0.00012281321687623858,0.000128043771837838,0.0001332743267994374,0.0001385048817610368],"_type":"histogram"},"_step":49,"epoch":49,"train/loss":0.00026386822129580243,